paper_id,title,year,in_scope,scope_conf,scope_reason
w3308,Incentive Conflict in the International Regulatory Agreement on Risk-Based Analysis,1990,False,high,This paper analyzes theoretical incentive conflicts and political motivations in regulatory negotiation rather than empirically testing the causal effect of a specific policy on financial outcomes.
w3309,Real Rents and Household Formation: The Effect of the 1986 Tax Reform Act,1990,False,high,"The primary research question concerns household formation decisions driven by rental costs and demographics, not the causal effect of the 1986 Tax Reform Act itself on financial markets, firms, or investors."
w3407,Views on the Likelihood of Financial Crisis,1990,False,high,This is a purely theoretical/descriptive review of financial crisis trends and risks in the 1980s with no empirical causal estimation of a specific government policy's effects.
w3446,Assuming The Can Opener: Hedonic Wage Estimates and the Value of Life,1990,False,high,This is a theoretical and methodological critique of hedonic wage estimation techniques rather than an empirical study of the causal effect of a specific government policy on markets or firms.
w3522,The Economics of Seasonal Cycles,1990,False,high,This is a theoretical macroeconomic paper about seasonal cycles without empirical testing of any specific government policy's causal effect on financial markets or firms.
h0024,Stature and Living Standards in the United States,1991,False,high,"This paper studies anthropometric measures and living standards in historical context without examining the causal effect of any specific government law, regulation, or public policy on financial markets, firms, or investors."
w3749,"Mergers, Deregulation and Cost Savings in the U.S. Rail Industry",1991,True,high,"The paper's primary research question is estimating the causal effect of U.S. rail deregulation (a specific government policy) on firm costs and productivity, with empirical analysis using a translog cost function on panel data."
w3754,Real Interest Rates and the Savings and Loan Crisis: The Moral Hazard Premium,1991,True,high,The paper's primary research question examines the causal effect of deposit insurance and regulatory forbearance (specific government policies) on real interest rates and Treasury yields in financial markets.
w3961,"Bank Exposure, Capital and Secondary Market Discounts on the Developing Country Debt",1992,False,high,"The paper studies how bank exposure and capital affect secondary market pricing of developing country debt, but does not examine the causal effect of a specific government law, regulation, or public policy—it only mentions deposit insurance as a potential explanation rather than as the primary policy intervention being tested."
w4051,Noncooperative Equilibria in Regional Environmental Policies When Plant Locations are Endogenous,1992,False,high,This is a purely theoretical paper presenting a game-theoretic model of regional environmental policy competition without any empirical test of actual government policies' causal effects on financial outcomes.
w4069,Strategic Trade Policy With Incompletely Informed Policymakers,1992,False,high,"This is a purely theoretical paper analyzing strategic trade policy with incomplete information using game-theoretic models, with no empirical test of actual government policy effects on financial markets, firms, or investors."
w4096,Investment and Research and Development at the Firm Level: Does the Source of Financing Matter?,1992,False,high,"This paper studies the relationship between firm financing sources and investment/R&D decisions, with no specific government law, regulation, or public policy as the primary causal variable being tested."
w4131,Host Country Competition and Technology Transfer by Multinationals,1992,False,high,"The paper's primary question concerns how market competition affects multinational firm behavior and technology transfer, not the causal effect of a specific government law, regulation, or public policy."
w4223,Fiscal Policy and Economic Growth,1992,False,high,"The paper studies the causal effect of general fiscal policy (government spending and taxation) on macroeconomic growth rather than the effect of a specific government law, regulation, or public policy on financial markets, firms, or investors."
w4233,Specification of Policy Rules and Performance Measures in Multicountry Simulation Studies,1992,False,high,"This is a purely theoretical paper about methodological approaches to modeling policy rules in simulations, with no empirical test of actual causal effects of specific government policies on financial outcomes."
w4236,The Recent Failure of U.S. Monetary Policy,1992,False,high,"This paper analyzes the effectiveness of Federal Reserve monetary policy operations without testing the causal effect of a specific government law, regulation, or public policy on financial markets or firms."
w4305,The Equity of Social Services Provided to Children and Senior Citizens,1993,False,high,"This paper examines distributional equity of government transfer payments across age groups without estimating the causal effect of any specific policy intervention on financial markets, firms, or investors."
w4532,Does Central Bank Intervention Increase the Volatility of Foreign Exchange Rates?,1993,True,high,"The paper's primary research question is the causal effect of a specific government policy (central bank intervention) on financial markets (foreign exchange rate volatility), tested empirically with GARCH models."
w4594,Health Insurance and Early Retirement: Evidence from the Availability of Continuation Coverage,1993,False,high,"The primary research question concerns the causal effect of health insurance continuation laws on individual retirement decisions, not on financial markets, firms, or investors."
w4695,Issues in the Industrial Organization of the Market for Physician Services,1994,False,high,This is a theoretical paper analyzing market structure and information asymmetries in physician services without empirical testing of any specific government policy's causal effect on financial outcomes.
w4801,Over-the-Counter Derivatives and Systemic Risk to the Global Financial System,1994,False,high,The paper primarily describes and theoretically analyzes systemic risk concepts and OTC derivatives markets without empirically testing the causal effect of a specific government law or regulation on financial outcomes.
w4822,Optimal Regulation of Multiply-Regulated Industries: The Case of Physician Services,1994,False,high,This is a purely theoretical paper modeling regulatory coordination failures in physician services without empirical testing of causal effects of specific policies on financial outcomes.
w4885,"Fiscal Policies, Capital Formation, and Capitalism",1994,False,high,This is a theoretical/conceptual lecture examining the economic effects of fiscal policies on capital accumulation and welfare without empirical testing of specific policy interventions on financial markets or firms.
w4964,Getting Interventions Right: How South Korea and Taiwan Grew Rich,1994,False,high,"This is a theoretical/descriptive paper explaining growth mechanisms without empirically testing the causal effect of specific government interventions on financial markets, firms, or investors."
w4972,Competition Policy and International Trade,1994,False,high,"This is a purely theoretical discussion paper that does not empirically test the causal effect of any specific government policy on financial markets, firms, or investors."
t0182,Refining Estimates of Marital Status Differences in Mortality at Older Ages,1995,False,high,"This paper studies the relationship between marital status and mortality outcomes with no focus on any government law, regulation, or public policy's causal effect."
w4993,The Decline of Traditional Banking: Implications for Financial Stabilityand Regulatory Policy,1995,False,high,"This is primarily a theoretical paper outlining economic forces and proposing regulatory approaches, without empirically testing the causal effect of a specific government policy on financial markets or firms."
w5085,Settling for Coupons: Discount Contracts as Compensation and Punishment in Antitrust Lawsuits,1995,False,high,"This paper analyzes the economic structure and effects of private antitrust settlement contracts rather than the causal effect of a specific government law, regulation, or public policy on financial markets, firms, or investors."
w5096,Financial Innovation and the Management and Regulation of Financial Institutions,1995,False,high,This is a theoretical paper providing a functional perspective on institutional change without empirically testing the causal effect of specific government policies on financial markets or institutions.
w5114,A Heckscher-Ohlin View of Sweden Competing in the Global Market,1995,False,high,"This is a purely theoretical paper applying Heckscher-Ohlin trade theory to explain Sweden's economic performance; it contains no empirical test of a specific government policy's causal effect on financial markets, firms, or investors."
w5195,Alcohol Policies and Highway Vehicle Fatalities,1995,False,high,"The paper's primary research question concerns the causal effect of alcohol policies on highway fatalities, not on financial markets, firms, or investors."
w5249,Culture and Language,1995,False,high,"This paper studies cultural assimilation and language learning as outcomes of individual incentives and social factors, not the causal effect of a specific government policy on financial markets, firms, or investors."
w5265,Is There an Equity-Efficiency Trade-Off in School Finance? Tiebout and a Theory of the Local Public Goods Producer,1995,False,high,"This paper studies education/public goods policy rather than financial markets, firms, or investors, and lacks a primary focus on causal effects of specific government finance laws on finance sector outcomes."
w5275,Rate Regulation and the Industrial Organization of Automobile Insurance,1995,True,high,"The paper's primary research question is the causal effect of state rate regulation (a specific government policy) on automobile insurance market structure, firms' entry/exit decisions, and market shares."
h0094,"The Efficiency Consequences of Institutional Change: Financial Market Regulation and Industrial Productivity Growth in Brazil, 1866-1934",1996,True,high,The paper's primary research question is estimating the causal effect of specific government financial market regulations (1890 reform of limited liability and mandatory disclosure rules) on firm productivity and economic outcomes.
w5442,The Efficiency of Self-Regulated Payments Systems: Learning From the Suffolk System,1996,False,high,"This paper studies the causal effects of a private self-regulated clearing system (Suffolk System), not a government law, regulation, or public policy, making it outside the scope of government intervention research."
w5542,Sulfur Dioxide Compliance of a Regulated Utility,1996,True,high,"The paper's primary research question examines the causal effect of public utility commission regulatory rules on the cost of sulfur dioxide compliance, which is a specific government policy affecting firms."
w5571,Understanding the Postwar Decline in U.S. Saving: A Cohort Analysis,1996,False,high,"The paper studies the descriptive relationship between government spending programs and saving rates through decomposition analysis, but does not estimate the causal effect of a specific policy intervention on financial markets, firms, or investors."
w5574,Strategic Export Subsidies and Reciprocal Trade Agreements: The Natural Monopoly Case,1996,False,high,"This is a purely theoretical paper analyzing government export subsidies through game-theoretic modeling without empirical testing of actual policy effects on financial markets, firms, or investors."
w5635,"Hyperbolic Discount Functions, Undersaving, and Savings Policy",1996,False,high,This is a purely theoretical paper analyzing hyperbolic discounting in a model economy without empirical testing of actual government savings policies' causal effects on financial outcomes.
w5646,Long-Run PPP May Not Hold After All,1996,False,high,"This is a purely theoretical/methodological paper about econometric testing procedures for PPP, with no empirical analysis of any government policy's causal effect on financial markets or firms."
w5687,Deregulation and Labor Earnings in the Airline Industry,1996,False,high,"While the paper studies deregulation (a government policy), its primary research question is about labor earnings and wage structure rather than the causal effect of the policy on financial markets, firms, or investors as defined by the scope."
w5746,Environmental Change and Hedonic Cost Functions for Automobiles,1996,True,high,The paper's primary research question examines the causal effect of emission standard regulations on production costs and product characteristics in the automobile industry.
w5751,The Determinants of Technological Change in Heart Attack Treatment,1996,False,high,"This paper studies determinants of technology diffusion in healthcare treatment, not the causal effect of government policy on financial markets, firms, or investors."
w5770,Estimating the Welfare Effects of Digital Infrastructure,1996,False,high,"The paper's primary focus is on measuring the welfare effects and demand elasticity for infrastructure investment by private firms, with state regulation treated as a control variable rather than the causal policy effect of interest."
w5796,Paying for Health Insurance: The Tradeoff between Competition and Adverse Selection,1996,False,high,"This paper studies the causal effect of an internal organizational pricing policy (Harvard's health insurance subsidy change) on employee choices and market equilibrium, not the effect of a government law, regulation, or public policy on financial markets, firms, or investors."
w5817,Private and Public Supply of Liquidity,1996,False,high,"This is a purely theoretical paper that models the role of government in liquidity provision without empirically testing the causal effect of any specific government law, regulation, or policy."
w5880,Manufacturing Plant Location: Does State Pollution Regulation Matter?,1997,True,high,"The paper's primary research question tests the causal effect of state pollution regulation on manufacturing plant location decisions, using multiple regulatory measures as policy variables."
w5972,The Way We Were (And Are): Changes in Public Finance and Its Textbooks,1997,False,high,"This is a methodological review paper comparing public finance textbooks across time periods, not an empirical study estimating the causal effect of a specific government policy on financial markets, firms, or investors."
w5986,The Great Depression and the Regulating State: Federal Government Regulation of Agriculture: 1884-1970,1997,False,high,"This paper studies the causal effect of agricultural policies on the agricultural sector and government spending, not on financial markets, firms, or investors."
w6020,Ethical Foundations of Financial Regulation,1997,False,high,"This is a purely theoretical paper discussing the philosophical and economic foundations of financial regulation without empirically testing the causal effect of any specific government law, regulation, or policy."
w6022,Asymmetric Volatility and Risk in Equity Markets,1997,False,high,"This paper investigates asymmetric volatility and risk dynamics in equity markets with no focus on the causal effect of any specific government law, regulation, or public policy."
w6036,"Environmental Regulation, Investment Timing, and Technology Choice",1997,True,high,"The paper's primary research question is the causal effect of environmental regulation (a specific government policy) on firms' technology choices and investment decisions, tested empirically using data from 686 paper mills."
w6048,Balladurette and Juppette: A Discrete Analysis of Scrapping Subsidies,1997,False,high,"The paper studies the causal effects of government subsidies on the automobile/durable goods market, not on financial markets, firms, or investors."
w6193,The Predictive Validity of Subjective Probabilities of Survival,1997,False,high,"This paper studies subjective survival probabilities and their predictive validity for mortality using survey data, with no primary research question about the causal effect of government policy on financial markets, firms, or investors."
w6381,Stock Market Volatility: Ten Years After the Crash,1998,False,high,The paper primarily describes and analyzes stock market volatility patterns over time rather than estimating the causal effect of a specific government policy or regulation on financial markets.
w6443,The Effects of Price Changes on Alcohol Consumption in Alcohol-Experienced Rats,1998,False,high,"This is a laboratory experiment on animal behavior and consumer choice theory with no empirical test of any government law, regulation, or public policy."
w6469,Financial Fragility and the Exchange Rate Regime,1998,False,high,This is a purely theoretical paper using a Diamond-Dybvig model to analyze exchange rate regimes without empirical testing of any specific government policy's causal effects on financial markets.
w6488,The Effect of Price Advertising and Prices: Evidence in the Wake of 44 Liquormart,1998,False,high,"The paper's primary research question concerns the causal effect of price advertising on firm pricing behavior and market competition, not the causal effect of a government policy/regulation itself, despite using a policy change as the natural experiment."
w6606,Financial Crises in Emerging Markets,1998,False,high,This is a purely theoretical paper presenting a model of financial crises without empirical testing of any specific government policy's causal effect.
w6629,The Effects of Alcohol Regulation on Physical Child Abuse,1998,False,high,"The paper's primary research question concerns the causal effect of alcohol regulation on physical child abuse (a social outcome), not on financial markets, firms, or investors."
w6644,Fee Speech: Adverse Selection and the Regulation of Mutual Funds,1998,False,high,This is primarily a theoretical paper using an adverse selection model to analyze fee structures; it does not empirically estimate the causal effect of the 1940 Investment Advisors Act regulation on financial markets or firms.
w6652,"Investment, Fundamentals and Finance",1998,False,high,"This paper studies the causal effect of financial variables (cash flow, cash stocks) on firm investment decisions, not the causal effect of a specific government law, regulation, or public policy."
w6673,LAPM: A Liquidity-based Asset Pricing Model,1998,False,high,"This is a purely theoretical paper developing an alternative asset pricing model based on corporate liquidity preferences, with no empirical test of a specific government law, regulation, or policy's causal effect on financial markets."
w6701,"Change, Consolidation, and Competition in Health Care Markets",1998,False,high,This paper primarily describes structural changes in health care markets and discusses potential policy implications rather than empirically testing the causal effect of a specific government intervention on financial outcomes.
w6703,Capital Mobility in a Second Best World -- Moral Hazard With Costly Financial Intermediation,1998,False,high,This is a purely theoretical paper with no empirical test of a specific government policy's causal effect on financial markets or firms.
w6782,Volatility and the Welfare Costs of Financial Market Integration,1998,False,high,This is a purely theoretical paper examining welfare effects of financial integration through economic models without empirical testing of any specific government policy's causal effects.
w6796,The Asian Liquidity Crisis,1998,True,high,The paper's primary research question examines the causal effects of specific government policies (exchange rate fixing and lender of last resort policies) on financial crises and exchange rate collapses in Asian financial markets.
w6824,"Under What Circumstances, Past and Present, Have International Rescues of Countries in Financial Distress Been Successful?",1998,False,high,This paper describes and contrasts historical rescue policies without estimating causal effects of specific government interventions on financial markets or firms.
w6826,Does Air Quality Matter? Evidence from the Housing Market,1998,False,high,"The primary research question concerns the causal effect of air pollution on housing prices, not the causal effect of government regulation on financial markets/firms/investors; the regulation is merely an instrumental variable to identify the pollution-price relationship."
w6836,"Distance to Hospitals and Children's Access to Care: Is Being Closer Better, and for Whom?",1998,False,high,"This paper studies the effect of geographic distance to hospitals on children's healthcare utilization, not the causal effect of a specific government law, regulation, or public policy on financial markets, firms, or investors."
w6847,Conflict of Interest in the Issuance of Public Securities: Evidence from Venture Capital,1998,False,high,The primary research question concerns private firm behavior (conflicts of interest in IPO underwriting) with Glass-Steagall serving as contextual background rather than the main causal variable being tested.
w6359,Alcohol Regulation and Violence Towards Children,1999,False,high,"While the paper examines government policies (excise taxes, availability restrictions, advertising laws), its PRIMARY research question concerns the causal effect of alcohol consumption on domestic violence toward children, not the direct causal effect of the policies on financial markets, firms, or investors."
w6655,Financial Consolidation: Dangers and Opportunities,1999,False,high,"This is a theoretical/argumentative paper that discusses potential policy approaches (deposit insurance reform, supervision) without empirically testing the causal effect of any specific implemented government law, regulation, or policy."
w6682,"EMU: Ready, or Not?",1999,False,high,This is a primarily theoretical and descriptive paper examining EMU's structural design and transitional challenges rather than empirically estimating the causal effect of a specific government policy on financial markets.
w6893,"When Industries Become More Productive, Do Firms?",1999,False,high,"This paper investigates productivity dynamics through firm-level data analysis without testing the causal effect of a specific government law, regulation, or public policy on financial markets or firms."
w6949,Can Market and Voting Institutions Generate Optimal Intergenerational Risk Sharing?,1999,False,high,"This is a purely theoretical paper with no empirical test of a specific government law, regulation, or policy's causal effect on financial markets, firms, or investors."
w7042,The Role of Bank Restructuring in Recovering from Crises: Mexico 1995-98,1999,True,high,"The paper's primary research question examines the causal effect of Mexico's 1995 bank restructuring/bailout policy on credit markets and firm financing outcomes, with empirical analysis of how this government intervention affected lending patterns and non-performing loans."
w7047,The Economics of Smoking,1999,True,high,"The paper's primary focus is analyzing the causal effects of government tobacco control policies (excise taxes, advertising restrictions) on cigarette consumption and economic outcomes, which are core questions about policy impact on markets and consumers."
w7077,Fiscal Stance and the Real Exchange: Some Empirical Estimates,1999,False,high,"This paper studies the general relationship between fiscal policy and exchange rates without isolating the causal effect of a specific government law, regulation, or policy intervention."
w7093,"Does ""Grease Money"" Speed Up the Wheels of Commerce?",1999,False,high,"The paper studies the relationship between private firm behavior (bribe payments) and outcomes, not the causal effect of a specific government law, regulation, or public policy."
w7143,Hedging and Financial Fragility in Fixed Exchange Rate Regimes,1999,True,high,"The paper's primary research question is the causal effect of government guarantees (a specific public policy) on banking system fragility, hedging behavior, and financial outcomes in fixed exchange rate regimes."
w7202,Reserve Uncertainty and the Supply of International Credit,1999,False,high,This paper primarily studies how reserve uncertainty affects international credit supply through a theoretical model with no specific government policy intervention as the causal variable of interest; reserve management is not a discrete policy change being evaluated.
w7204,The Value of Reductions in Child Injury Mortality in the U.S.,1999,False,high,"The paper studies child injury mortality and its causes (living circumstances, knowledge, parental time) rather than estimating the causal effect of a specific government law or regulation on financial markets, firms, or investors."
w7250,The Japanese Banking Crisis: Where Did It Come From and How Will It End?,1999,True,high,"The paper's primary research question examines the causal effect of Japanese banking deregulation (the Big Bang) on financial markets and firm behavior, with empirical evidence on how deregulation affected bank lending patterns, corporate financing choices, and asset quality."
w7253,Are All Banking Crises Alike? The Japanese Experience in International Comparison,1999,False,high,"The paper examines banking crises as a descriptive comparative analysis and uses a predictive model of crisis likelihood based on macroeconomic variables, but does not estimate the causal effect of a specific government policy intervention on financial outcomes."
w7319,"Bankers on Boards: Monitoring, Conflicts of Interest, and Lender Liability",1999,False,high,"The paper studies the determinants of banker board representation and associated conflicts of interest, not the causal effect of a specific government policy on financial markets or firms."
w7369,Environmental Compliance Costs and Foreign Direct Investment Inflows to U.S. States,1999,True,high,"The paper's primary research question is the causal effect of environmental regulations (a specific government policy) on foreign direct investment inflows, estimated using panel data comparing regulatory stringency across U.S. states."
w7371,Occupational Gender Composition and Wages in Canada: 1987-1988,1999,False,high,"This paper describes occupational gender composition and wages as a baseline prior to pay equity legislation, rather than estimating the causal effect of a specific implemented government policy on financial outcomes."
w7380,Anticipated and Actual Bequests,1999,False,high,"This paper studies individual bequest behavior and life-cycle consumption patterns using survey data, with no primary research question about the causal effect of any specific government law, regulation, or public policy."
w7420,The Future of Monetary Policy: The Central Bank as an Army With Only a Signal Corps,1999,False,high,"This is a purely theoretical paper discussing monetary policy mechanisms and future challenges without empirically testing the causal effect of any specific government law, regulation, or policy on financial markets."
w7430,"Liquidity Risk, Liquidity Creation and Financial Fragility: A Theory of Banking",1999,False,high,This is a purely theoretical paper developing a banking theory model without empirical testing of specific government policies or regulations.
w7447,Coase v. the Coasians,1999,True,high,The paper's primary research question is the causal effect of specific government securities law enforcement and regulatory strategies on financial market development in Poland and Czech Republic.
h0124,How Long Did It Take the United States to Become an Optimal Currency Area?,2000,False,high,This paper is primarily a theoretical and historical analysis of monetary union optimality rather than an empirical test estimating the causal effect of a specific government policy on financial markets.
w7495,Do Patents Matter?: Empirical Evidence after GATT,2000,True,high,The paper empirically examines the causal effect of patent protection policy (a government-mandated regulatory change under GATT) on pharmaceutical R&D allocation and investment decisions.
w7507,"Is Addiction ""Rational""? Theory and Evidence",2000,False,high,"The paper's primary research question is about whether addiction is rational (testing economic theory), not about estimating the causal effect of a specific government policy on financial markets, firms, or investors."
w7514,"Capital Movements, Banking Insolvency, and Silent Runs in the Asian Financial Crisis",2000,False,high,"The paper primarily analyzes the causes and context of the Asian financial crisis through theoretical frameworks (agency costs, contestable markets) rather than empirically testing the causal effect of a specific government policy intervention on financial outcomes."
w7554,On the Fundamentals of Self-Fulfilling Speculative Attacks,2000,False,high,This is a purely theoretical paper proposing a crisis model without empirical testing of any specific government policy's causal effect on financial outcomes.
w7630,From Benign Neglect to Malignant Preoccupation: U.S. Balance-of-Payments Policy in the 1960s,2000,False,high,This paper primarily describes and explains historical balance-of-payments dynamics and monetary system structure rather than estimating the causal effect of a specific government policy intervention on financial outcomes.
w7700,Foreign Direct Investments in Services and the Domestic Market for Expertise,2000,False,high,This is a purely theoretical paper developing a model of FDI in services without empirical testing of any specific government policy's causal effect on financial outcomes.
w7715,"Can Emerging Market Bank Regulators Establish Credible Discipline? The Case of Argentina, 1992-1999",2000,True,high,"The paper's primary research question examines the causal effect of specific government bank regulatory policies (privatization, liberalization, safety net rules, market discipline mechanisms) on banking system stability and behavior in Argentina."
w7740,International Liquidity Management: Sterilization Policy in Illiquid Financial Markets,2000,False,high,This is a theoretical paper that develops a model to discuss sterilization policy mechanisms rather than conducting empirical tests of a specific government policy's causal effects on financial markets.
w7764,"Banks, Short Term Debt and Financial Crises: Theory, Policy Implications and Applications",2000,False,high,"This is primarily a theoretical paper arguing conceptual mechanisms about short-term debt and crises, without empirical testing of a specific government policy's causal effect on financial outcomes."
w7902,"International Capital Inflows, Domestic Financial Intermediation and Financial Crises under Imperfect Information",2000,False,high,"This is primarily a theoretical paper developing a model of financial crises with policy elements (exchange rate pegs, deposit insurance, government guarantees) as contextual features rather than the primary causal variable being studied."
w7930,R&D Policy in Israel: An Overview and Reassessment,2000,False,high,"This paper primarily describes and reviews R&D policy programs without estimating the causal effect of a specific government policy on financial markets, firms, or investors."
w7983,The Social Discount Rate,2000,False,high,"This is a purely theoretical paper about welfare theory and the social discount rate with no empirical test of a specific government law, regulation, or policy's causal effect on financial markets, firms, or investors."
w7992,Private Inflows when Crises are Anticipated: A Case Study of Korea,2000,True,high,"The paper's primary research question examines the causal effect of financial market deregulation (a specific government policy) on Korean banks' behavior and subsequent financial crisis, with empirical evaluation of the deregulation-crisis relationship."
w8087,Financial Policies and the Prevention of Financial Crises in Emerging Market Countries,2001,False,high,This paper outlines and describes financial policies to prevent crises without empirically testing the causal effect of any specific government intervention on financial markets or outcomes.
w8148,A New Approach to Takeover Law and Regulatory Competition,2001,False,high,"This is a purely theoretical paper proposing a novel form of federal intervention in takeover law without empirically testing the causal effect of any specific existing government law, regulation, or policy on financial markets or firms."
w8164,"Protection of Minority Shareholder Interests, Cross-listings in the United States, and Subsequent Equity Offerings",2001,True,high,The paper's primary research question examines the causal effect of U.S. securities law and regulatory requirements (imposed through cross-listing on NYSE/Nasdaq) on firm behavior and equity offerings.
w8224,Financial Safety Nets: Reconstructing and Modeling a Policymaking Metaphor,2001,False,high,The paper describes and analyzes the design of deposit insurance schemes across countries without empirically estimating the causal effect of a specific policy on financial outcomes.
w8258,Finding a Way Out of America's Demographic Dilemma,2001,False,high,"This is a purely theoretical paper using a dynamic general equilibrium simulation model to forecast demographic and fiscal scenarios under current policy, without empirically testing the causal effect of any specific government intervention."
w8261,Distortion Costs of Taxing Wealth Accumulation: Income Versus Estate Taxes,2001,False,high,"This is a purely theoretical paper using a computational framework to estimate deadweight loss; it does not empirically test the causal effect of an actual estate tax policy on financial markets, firms, or investors."
w8354,"Financial Structure, Macroeconomic Stability and Monetary Policy",2001,False,high,This is a purely theoretical/descriptive paper examining correlations between financial structure changes and macroeconomic outcomes without empirically testing the causal effect of a specific government policy intervention on financial markets or firms.
w8482,Pharmaceutical Prices and Political Activity,2001,False,high,"The paper's primary research question is whether pharmaceutical companies' political activity (PAC contributions) influences their pricing behavior, not the causal effect of a specific government law, regulation, or public policy on financial outcomes."
w8484,The Impacts of Environmental Regulations on Industrial Activity: Evidence from the 1970 & 1977 Clean Air Act Amendments and the Census of Manufactures,2001,False,high,"This paper studies the causal effects of environmental regulations on industrial/manufacturing activity, not on financial markets, firms' financial outcomes, or investors, which fall outside the scope of finance research on government intervention."
w8562,Alcohol Taxes and Labor Market Outcomes,2001,False,high,"The paper's primary research question concerns the causal effect of alcohol taxes on labor market outcomes (employment, wages, hours), not on financial markets, firms, or investors."
w8683,Model Uncertainty and Liquidity,2001,False,high,This is a purely theoretical paper exploring model uncertainty and liquidity through mathematical modeling with no empirical test of any government policy or regulation.
w8756,Entry and Asymmetric Lobbying: Why Governments Pick Losers,2002,False,high,"This is a purely theoretical paper presenting a lobbying model to explain government support patterns, without empirical testing of any specific policy's causal effect on financial markets, firms, or investors."
w8775,"A Dual Method of Empirically Evaluating Dynamic Competitive Equilibrium Models with Market Distortions, Applied to the Great Depression & World War II",2002,False,high,"This is a primarily theoretical paper developing computational methods and equilibrium theorems; while it mentions distortionary taxes during specific historical periods, it does not empirically estimate the causal effect of any specific government policy on financial markets, firms, or investors."
w8784,The Impact of Welfare Reform on Living Arrangements,2002,False,high,"The paper studies the causal effect of welfare policy on household living arrangements and family structure, not on financial markets, firms, or investor behavior, making it outside the scope of finance research."
w8837,Economic and Financial Crises in Emerging Market Economies: Overview of Prevention and Management,2002,False,high,This is a descriptive overview paper that examines policies and crisis management without empirically estimating causal effects of specific government interventions on financial markets or firms.
w8864,Can Subsidiaries of Foreign Banks Contribute to the Stability of the Forex Market in Emerging Economies? A Look at Some Evidence from the Mexican...,2002,False,high,The paper describes and analyzes existing regulatory restrictions on the forex market and foreign bank subsidiaries rather than estimating the causal effect of a specific government intervention or policy change.
w8892,Policy-Driven Productivity in Chile and Mexico in the 1980s and 1990s,2002,False,high,"This is a purely theoretical paper using growth accounting and calibrated general equilibrium modeling without empirical estimation of causal effects of specific policies on financial markets, firms, or investors."
w8909,On the Timeliness of Tax Reform,2002,False,high,"This is a purely theoretical paper analyzing optimal government strategy regarding tax reform timing, without empirical testing of any specific tax law's causal effect on financial outcomes."
w8937,Liquidity Shortages and Banking Crises,2002,False,high,"This is a primarily theoretical paper that discusses the possibility of government intervention without empirically testing the causal effect of any specific government law, regulation, or policy."
w8971,Technological Superiority and the Losses from Migration,2002,False,high,"This paper studies the economic effects of international migration and factor flows in a theoretical framework, not the causal effect of a specific government law, regulation, or public policy on financial markets, firms, or investors."
w8989,Ownership Form and Trapped Capital in the Hospital Industry,2002,False,high,"The paper examines how ownership form (nonprofit vs. for-profit) affects hospital capacity decisions in response to demand changes, which is a question about private firm behavior and organizational economics, not about the causal effect of a specific government law, regulation, or public policy on financial markets, firms, or investors."
w9057,Expectations and Expatriations: Tracing the Causes and Consequences of Corporate Inversions,2002,False,high,"The paper's primary focus is explaining corporate behavior (determinants of expatriation decisions) and market reactions, with U.S. tax policy serving as contextual background rather than the primary causal variable being tested."
w9098,Socioeconomic Status and Health: Why is the Relationship Stronger for Older Children?,2002,False,high,"This paper studies the relationship between socioeconomic status and child health using observational data, without estimating the causal effect of any specific government law, regulation, or public policy intervention."
w9102,Bank Panics and the Endogeneity of Central Banking,2002,False,high,"This is a purely theoretical paper that models endogenous central banking and coalition formation without empirically testing the causal effect of any specific government law, regulation, or policy."
w9321,Asset Price Inflation and Monetary Policy,2002,False,high,"This paper is purely theoretical discussion of policy recommendations without empirical testing of any specific government law, regulation, or policy's causal effect on financial outcomes."
w9322,How Country and Safety-Net Characteristics Affect Bank Risk-Shifting,2002,True,high,"The paper's primary research question examines the causal effect of specific government policies (explicit deposit insurance and its design features like risk-sensitive premiums, coverage limits, and coinsurance) on bank risk-shifting behavior across 56 countries."
w9371,Corporate Governance and Control,2002,False,high,This is a survey paper that describes corporate governance mechanisms and regulatory institutions across countries without estimating the causal effect of any specific government policy on financial outcomes.
w9385,Paying for the FILP,2002,True,high,"The paper empirically examines the causal effects of the FILP reform of April 2001 (a specific government policy) on financial flows and market behavior, which is the primary research question."
w10070,Money in a Theory of Banking,2003,False,high,"This is a purely theoretical paper exploring the connection between money, banks, and credit without any empirical test of a specific government law, regulation, or public policy."
w10071,Liquidity Shortages and Banking Crises,2003,False,high,This is a theoretical paper proposing intervention mechanisms without empirically testing the causal effect of any specific government policy on financial markets or firms.
w9418,Another Look at the New York City School Voucher Experiment,2003,False,high,"This paper studies the causal effect of an education policy (school vouchers) on student achievement, not on financial markets, firms, or investors."
w9450,"Regulation, Distribution Efficiency, and Retail Density",2003,False,high,"The paper studies the Large Store Law's relationship to retail density and distribution structure, but primarily describes regulation and sectoral characteristics rather than estimating the causal effect on financial markets, firms' financial outcomes, or investor behavior."
w9493,Will the Sovereign Debt Market Survive?,2003,False,high,The paper discusses theoretical arguments and reform proposals without empirically estimating the causal effect of any specific implemented government policy on financial markets.
w9560,Regulation and Investment,2003,False,high,"The paper studies the relationship between general product market regulation and investment across sectors, not the causal effect of a specific government law or policy on financial markets, firms, or investors."
w9565,Individual Rights and Collective Agents: The Role of Old and New Workplace Institutions in the Regulation of Labor Markets,2003,False,high,"This paper primarily focuses on institutional mechanisms for implementing workplace policies and analyzes comparative effectiveness of different agents (unions, dispute resolution systems) rather than estimating the causal effect of a specific government law or regulation on financial markets, firms, or investors."
w9624,How to Restructure Failed Banking Systems: Lessons from the U.S. in the 1930's and Japan in the 1990's,2003,False,high,"This paper primarily describes and compares historical government banking assistance programs rather than empirically estimating the causal effect of a specific policy on financial markets, firms, or investors."
w9625,Evolving Discretionary Practices of U.S Antidumping Activity,2003,False,high,"The paper examines procedural practices of government agencies in calculating dumping margins rather than testing the causal effect of a specific law or policy on financial markets, firms, or investors."
w9630,Does Returning to Work After Childbirth Affect Breastfeeding Practices?,2003,False,high,"The paper studies the causal effect of maternal labor market decisions (returning to work) on breastfeeding behavior, not the causal effect of a specific government law, regulation, or public policy on financial markets, firms, or investors."
w9634,Continuing Dangers of Disinformation in Corporate Accounting Reports,2003,False,high,"This is a theoretical/conceptual paper about accounting disinformation and auditor incentives that discusses the Sarbanes-Oxley Act descriptively but does not empirically estimate the causal effect of any specific policy on financial markets, firms, or investors."
w9715,A Multinational Perspective on Capital Structure Choice and Internal Capital Markets,2003,True,high,"The paper's primary research question examines the causal effect of a specific government policy (local tax rates) on financial outcomes (debt/asset ratios) of firms, which is directly within scope."
w9737,Credit Market Imperfections in Middle Income Countries,2003,False,high,"This paper describes credit market imperfections and macroeconomic patterns without estimating the causal effect of a specific government law, regulation, or policy intervention."
w9756,The Regulation of Labor,2003,False,high,"This paper studies labor market regulations and their effects on employment outcomes, not the causal effect of government policy on financial markets, firms, or investors."
w9890,"Regulations, Market Structure, Institutions, and the Cost of Financial Intermediation",2003,True,high,"The paper's primary research question is the causal effect of specific bank regulations (entry restrictions, activity restrictions) on financial intermediation costs, tested empirically across 1,400 banks in 72 countries."
w9930,Does the Source of Capital Affect Capital Structure?,2003,False,high,"The paper examines how access to bond markets affects capital structure decisions, but does not estimate the causal effect of a specific government law, regulation, or policy—it studies private firm financing behavior and market access as primary variables."
w10285,ENTICE-BR: The Effects of Backstop Technology R&D on Climate Policy Models,2004,False,high,"This is a purely theoretical paper using climate policy models to study technological change mechanisms, with no empirical test of actual government policy effects on financial markets, firms, or investors."
w10333,Are Policy Platforms Capitalized into Equity Prices? Evidence from the Bush/Gore 2000 Presidential Election,2004,False,high,"The paper studies how anticipated future government policies affect equity prices, not the causal effect of an actual implemented law, regulation, or policy on financial markets."
w10347,On the Distributional Consequences of Child Labor Legislation,2004,False,high,"This is a purely theoretical paper using a constructed dynamic general equilibrium model without empirical testing of actual child labor legislation effects on real-world financial markets, firms, or investors."
w10376,"From ""Hindu Growth"" to Productivity Surge: The Mystery of the Indian Growth Transition",2004,False,high,"This paper primarily analyzes historical growth patterns and explores multiple competing hypotheses about India's growth transition rather than estimating the causal effect of a specific government policy on financial markets, firms, or investors."
w10382,Employer-Sponsored Disability Insurance: Where are the Gaps in Coverage?,2004,False,high,This paper describes and analyzes coverage gaps in existing disability insurance without examining the causal effect of a specific government policy or regulation on financial outcomes.
w10634,A New Look at Racial Profiling: Evidence from the Boston Police Department,2004,False,high,"This paper studies police officer behavior and discrimination patterns rather than the causal effect of a specific government law, regulation, or public policy on financial markets, firms, or investors."
w10637,"Public Debt, Fiscal Solvency and Macroeconomic Uncertainty in Latin America: The Cases of Brazil, Colombia, Costa Rica, and Mexico",2004,False,high,"This is a theoretical macroeconomic modeling paper that analyzes fiscal solvency under uncertainty without empirically estimating the causal effect of any specific government law, regulation, or public policy."
w10643,"International Innovation and Diffusion of Air Pollution Control Technologies: The Effects of NOX and SO2 Regulation in the US, Japan, and Germany",2004,True,high,The paper's primary research question examines the causal effects of specific government air pollution regulations (NOx and SO2 standards) on innovation and diffusion of pollution control technologies across multiple countries.
w10661,Why was Europe Left at the Station When America's Productivity Locomotive Departed?,2004,False,high,"This is a comparative institutional and cultural analysis of productivity divergence between Europe and the US that describes various policies without empirically testing the causal effect of any specific government intervention on financial markets, firms, or investors."
w10670,"Preschool, Day Care, and Afterschool Care: Who's Minding the Kids?",2004,False,high,"This is a review paper examining child care markets and child development outcomes rather than estimating the causal effect of a specific government law or regulation on financial markets, firms, or investors."
w10692,"Corporate Governance, Economic Entrenchment and Growth",2004,False,high,This is a primarily theoretical paper describing corporate governance structures and their economic consequences without empirically testing the causal effect of a specific government policy.
w10940,Quantitative Implication of A Debt-Deflation Theory of Sudden Stops and Asset Prices,2004,False,high,"This is a purely theoretical paper that uses an equilibrium asset pricing model to explain sudden stops; it does not estimate the causal effect of any specific government law, regulation, or public policy."
w10951,Resolving the Puzzle of the Underissuance of National Bank Notes,2004,True,high,"The paper empirically examines the causal effects of specific government regulations (regulatory limits on note issuance, minimum reserve and capital requirements) on banks' financial decisions regarding national bank note issuance."
w10990,Global Growth Opportunities and Market Integration,2004,False,high,"The paper's primary research question concerns how industry mix and growth opportunities are priced in capital markets and predict GDP growth, not the causal effect of a specific government policy on financial markets."
w11038,Insuring Against Terrorism: The Policy Challenge,2005,False,high,This paper surveys evidence and arguments about government policy's role in terrorism insurance markets without empirically testing the causal effect of a specific government law or regulation on financial outcomes.
w11062,The Global History of Corporate Governance: An Introduction,2005,False,high,This is a historical survey paper describing the evolution of corporate governance institutions across countries without estimating causal effects of specific government laws or policies on financial markets or firm behavior.
w11090,Why Has Black-White Skill Convergence Stopped?,2005,False,high,"This paper primarily examines socioeconomic and demographic factors affecting skill gaps rather than estimating the causal effect of a specific government policy on financial markets, firms, or investors."
w11156,The Rules of Standard Setting Organizations: An Empirical Analysis,2005,False,high,"The paper studies standard-setting organization procedures and their relationship to technology sponsor behavior, not the causal effect of a specific government law, regulation, or public policy."
w11185,Optimal Taxation with Endogenous Insurance Markets,2005,False,high,This is a purely theoretical paper that characterizes optimal tax policy in a dynamic equilibrium model without empirical testing of any specific government tax law or regulation's causal effect on financial markets or firms.
w11279,The Impact of Family Income on Child Achievement,2005,False,high,"The primary research question concerns the causal effect of family income on child academic achievement, not the causal effect of the EITC policy itself on financial markets, firms, or investors."
w11300,The Life-Cycle Personal Accounts Proposal for Social Security: A Review,2005,False,high,"This paper is a theoretical simulation analyzing hypothetical returns under a proposed Social Security reform, not an empirical test of an actual government policy's causal effect on financial outcomes."
w11321,"Patents, Price Controls, and Access to New Drugs: How Policy Affects Global Market Entry",2005,False,high,"The paper's primary focus is on pharmaceutical market entry decisions and drug availability rather than the causal effect of policy on financial markets, firms' financial outcomes, or investor behavior."
w11328,Early Teen Marriage and Future Poverty,2005,False,high,"The paper's primary research question concerns the causal effects of individual marriage and schooling choices on poverty outcomes, not the causal effect of government policy on financial markets, firms, or investors."
w11348,The Determinants of Faculty Patenting Behavior: Demographics or Opportunities?,2005,False,high,"This paper studies the determinants of faculty patenting behavior itself rather than the causal effect of a specific government policy on financial markets, firms, or investors."
w11352,Studying Texts: A Gemara of the Israeli Economy,2005,False,high,This is a literature review paper that describes economic perspectives on government intervention in Israel without empirically testing the causal effect of any specific policy on financial outcomes.
w11353,International Borrowing and Macroeconomic Performance in Argentina,2005,True,high,The paper's primary research question examines the causal effects of Argentina's convertibility plan (a specific government monetary policy) on capital flows and macroeconomic performance.
w11368,A Theory of Pyramidal Ownership and Family Business Groups,2005,False,high,This is a purely theoretical paper providing a rationale for pyramidal ownership structures with no empirical test of a specific government policy's causal effect on financial markets or firms.
w11518,Behavioral Public Economics: Welfare and Policy Analysis with Non-Standard Decision-Makers,2005,False,high,This is a theoretical and methodological survey paper on welfare analysis frameworks rather than an empirical study estimating the causal effect of a specific government policy.
w11594,Wealth Transfers from Implementing Real-Time Retail Electricity Pricing,2005,False,high,"The paper analyzes wealth transfers from implementing real-time electricity pricing but does not estimate the causal effect of a specific government law, regulation, or public policy—it examines a pricing mechanism's distributional consequences without testing whether an actual policy intervention causally affected market outcomes."
w11654,The Decline of the Independent Inventor: A Schumpterian Story?,2005,False,high,"This paper studies historical patterns of inventor careers and firm organization without examining the causal effect of any specific government law, regulation, or public policy on financial markets, firms, or investors."
w11655,Is It Is or Is It Ain't My Obligation? Regional Debt in a Fiscal Federation,2005,False,high,"This is a purely theoretical paper that develops a fiscal federation model without empirically testing the causal effect of any specific government law, regulation, or public policy."
w11723,Moral Hazard in Nursing Home Use,2005,True,high,"The paper empirically estimates the causal effect of specific government Medicaid policies (eligibility, reimbursement rates, bed supply constraints) on nursing home utilization using quasi-experimental variation in state Medicaid rules."
w11734,"Usury Ceilings, Relationships and Bank Lending Behavior: Evidence from Nineteenth Century",2005,True,high,The paper's primary research question examines the causal effect of usury ceiling regulations (a specific government policy) on bank lending behavior and credit availability through both time series and cross-sectional empirical analysis.
w11753,Monitoring Corruption: Evidence from a Field Experiment in Indonesia,2005,True,high,"The paper's primary research question is the causal effect of a specific government policy intervention (increased audit probability) on financial outcomes (corruption/missing expenditures), tested through a randomized field experiment."
w11778,The 1920s and the 1990s in Mutual Reflection,2005,False,high,"This is a primarily descriptive and comparative historical analysis that discusses multiple policies in the context of explaining business cycles and the Great Depression, rather than estimating the causal effect of any specific government policy on financial outcomes."
w11806,Real Wage Rigidities and the New Keynesian Model,2005,False,high,"This is a purely theoretical paper developing a New Keynesian macroeconomic model with real wage rigidities; it does not empirically test the causal effect of any specific government law, regulation, or public policy."
w11830,Do Capital Adequacy Requirements Matter for Monetary Policy?,2005,False,high,"This is primarily a theoretical paper deriving optimal monetary policy under capital requirements, with only descriptive empirical observations about central bank behavior rather than estimating the causal effect of a specific government policy intervention."
w11834,Financial System Risk and Flight to Quality,2005,False,high,This is a purely theoretical paper presenting a model of flight to quality without empirical testing of any specific government policy's causal effect.
w11930,"Health Care, Technological Change, and Altruistic Consumption Externalities",2006,False,high,This is a purely theoretical paper that lacks empirical testing of a specific government policy's causal effects on financial markets or firms.
w11934,"Regulation of Health, Safety, and Environmental Risks",2006,False,high,"This is a theoretical review paper that discusses regulatory principles and methodologies without empirically testing the causal effect of specific government policies on financial markets, firms, or investors."
w11940,Modeling Inefficient Institutions,2006,False,high,"This is a purely theoretical paper developing a general framework for understanding institutional emergence and persistence, with no empirical test of the causal effect of a specific government policy on financial markets, firms, or investors."
w11954,The Long Run Impact of Bombing Vietnam,2006,False,high,"This paper studies the causal effect of military bombing on economic development outcomes, not the causal effect of a government law, regulation, or public policy on financial markets, firms, or investors."
w12001,Regulating Advertisements: The Case of Smoking Cessation Products,2006,False,high,"The paper studies how FDA regulations affect pharmaceutical advertising behavior, but its primary focus is on advertising expenditures and patterns rather than the causal effect of regulation on financial markets, firms, or investors."
w12009,The Importance of Default Options for Retirement Savings Outcomes: Evidence from the United States,2006,False,high,This paper appears to be a summary of empirical evidence on how defaults affect retirement savings rather than estimating the causal effect of a specific government law or regulation.
w12074,Are Prudential Supervision and Regulation Pillars of Financial Stability? Evidence from the Great Depression,2006,True,high,"The paper empirically estimates the causal effects of specific government bank regulations (branch banking prohibitions, reserve requirements, supervisor term lengths, liquidation restrictions) on financial stability outcomes (bank suspension rates) during the Great Depression."
w12108,"Persistence of Power, Elites and Institutions",2006,False,high,"This is a purely theoretical paper with no empirical test of a specific government policy's causal effect on financial markets, firms, or investors."
w12136,Flight to Quality and Collective Risk Management,2006,False,high,"This is a purely theoretical paper presenting a model of flight to quality without empirical testing of any specific government law, regulation, or policy's causal effect."
w12170,Inadequacy of Nation-Based and VaR-Based Safety Nets in the European Union,2006,False,high,"This is a theoretical/analytical paper that describes and critiques existing regulations (Basel II, EU Directives) without empirically testing or estimating the causal effect of any specific government intervention on financial outcomes."
w12252,Judicial Risk and Credit Market Performance: Micro Evidence from Brazilian Payroll Loans,2006,True,high,"The paper's primary research question is the causal effect of a specific judicial policy decision (the 2004 court ruling declaring payroll deductions illegal) on financial market outcomes (risk perception, interest rates, and lending amounts)."
w12253,There Goes the Neighborhood? Estimates of the Impact of Crime Risk on Property Values From Megan's Laws,2006,True,high,"The paper's primary research question is the causal effect of Megan's Laws (a specific government policy mandating sex offender registries) on property values, estimated through empirical analysis of housing market data and offender locations."
w12277,Stability First: Reflections Inspired by Otmar Issing's Success as the ECB's Chief Economist,2006,False,high,"This is a theoretical reflection paper reviewing a central banker's career and monetary policy principles without empirically testing the causal effect of a specific government law, regulation, or policy on financial markets, firms, or investors."
w12294,Rational Discounting for Regulatory Analysis,2006,False,high,"This is a theoretical and methodological paper about discounting practices in regulatory analysis rather than an empirical study measuring the causal effect of a specific government policy on financial markets, firms, or investors."
w12345,Liquidity Insurance in a Financially Dollarized Economy,2006,False,high,"This is primarily a theoretical paper discussing central bank liquidity policy frameworks and policy design options rather than empirically testing the causal effect of a specific implemented government law, regulation, or policy on financial outcomes."
w12386,The Effect of Inheritance Receipt on Retirement,2006,False,high,"This paper studies the causal effect of personal wealth shocks (inheritance) on individual retirement decisions, not the effect of government law, regulation, or public policy on financial markets, firms, or investors."
w12394,Big Business Stability and Economic Growth: Is What's Good for General Motors Good for America?,2006,False,high,"The paper's primary research question concerns the relationship between business turnover and economic growth, not the causal effect of a specific government policy on financial markets or firms."
w12427,Policy Options for Financing the Future Health and Long-Term Care Costs in Japan,2006,False,high,"This is a purely theoretical policy analysis paper that models alternative financing schemes for health and long-term care without empirically testing the causal effect of any specific implemented government policy on financial markets, firms, or investors."
w12430,Employment and Adverse Selection in Health Insurance,2006,False,high,"The paper's primary focus is on private firm behavior (employer insurance provision decisions) and employee sorting under adverse selection, with government policy as incidental context rather than the main causal variable of interest."
w12437,How Do Youth with Mental Disorders Fare in the Juvenile Justice System?,2006,False,high,"This paper examines the relationship between mental health conditions and criminal justice outcomes, not the causal effect of a specific government law, regulation, or public policy on financial markets, firms, or investors."
w12500,Look at Me Now: What Attracts U.S. Shareholders?,2006,False,high,The paper studies private firm characteristics and investor behavior rather than the causal effect of a specific government law or regulation on financial markets.
w12536,Medicaid Crowd-Out of Private Long-Term Care Insurance Demand: Evidence from the Health and Retirement Survey,2006,True,high,The paper's primary research question examines the causal effect of Medicaid asset eligibility requirements (a specific government policy) on private long-term care insurance demand.
w12538,Why Has House Price Dispersion Gone Up?,2006,False,high,"This is a theoretical modeling paper that uses housing supply regulation as a backdrop to explain wage dispersion effects on house prices, rather than empirically estimating the causal effect of a specific government policy on financial/housing markets."
w12763,On the Welfare Costs of Consumption Uncertainty,2006,False,high,This is a purely theoretical paper using a Lucas-tree model to calculate welfare costs of consumption uncertainty with no empirical test of any specific government policy's causal effect.
w12767,Information Cascades: Evidence from An Experiment with Financial Market Professionals,2006,False,high,"This is a laboratory experiment studying information cascade behavior in financial decision-making with no government law, regulation, or public policy intervention as the primary research question."
w12777,Is the Endangered Species Act Endangering Species?,2006,True,high,"The paper's primary research question is the causal effect of the U.S. Endangered Species Act on land development patterns and resource allocation, with empirical estimation of the policy's impact."
w12862,Determinants of Deposit-Insurance Adoption and Design,2007,False,high,This paper analyzes the determinants and design choices of deposit-insurance systems across countries rather than estimating the causal effect of a specific government policy on financial outcomes.
w12882,Who Blows the Whistle on Corporate Fraud?,2007,True,high,"The paper's primary research question examines the causal effect of SOX (a specific government policy) on corporate fraud detection by mandated actors, with empirical comparison of detection rates before and after the policy implementation."
w12896,Collective Risk Management in a Flight to Quality Episode,2007,False,high,"This is a purely theoretical paper that models optimal intervention during financial crises without empirically testing the causal effect of any specific government law, regulation, or public policy."
w12902,Antitrust and Regulation,2007,False,high,This is a purely theoretical paper using game-theoretic frameworks to discuss competition mechanisms without empirically testing the causal effect of any specific policy on financial markets or firms.
w12906,Anti-depressants and Suicide,2007,False,high,"The primary research question concerns the causal effect of a pharmaceutical treatment (SSRIs) on suicide mortality, not the causal effect of a government law, regulation, or public policy on financial markets, firms, or investors."
w12925,Current Account Deficits in Rich Countries,2007,False,high,"This is a purely theoretical paper that constructs benchmark models to examine the logic of government intervention without empirically testing the causal effect of any specific law, regulation, or policy."
w13034,Bribery in Health Care in Peru and Uganda,2007,False,high,"The paper studies household bribery behavior and income determinants in health care, not the causal effect of a specific government law, regulation, or public policy on financial markets, firms, or investors."
w13079,Has New York Become Less Competitive in Global Markets? Evaluating Foreign Listing Choices Over Time,2007,True,high,The paper's primary research question examines the causal effect of the Sarbanes-Oxley Act (a specific government policy) on foreign firms' cross-listing choices and the competitiveness of U.S. financial markets.
w13132,"Taxes, Institutions and Foreign Diversification Opportunities",2007,False,high,"The paper analyzes how existing tax regimes and investor protection institutions affect capital allocation decisions, but does not estimate the causal effect of a specific government policy change or intervention on financial outcomes."
w13135,Directed Altruism and Enforced Reciprocity in Social Networks: How Much is A Friend Worth?,2007,False,high,This is a behavioral economics field experiment on social preferences and altruism in networks with no primary research question about government policy or its causal effects.
w13238,Endogenous Decentralization in Federal Environmental Policies,2007,True,high,"The paper's primary research question is the causal effect of federal environmental authorization policies on state regulatory choices and outcomes, tested empirically using water pollution and hazardous waste regulation data."
w13288,"Differences in Governance Practices between U.S. and Foreign Firms: Measurement, Causes, and Consequences",2007,False,high,"This paper studies the relationship between firm governance practices and firm value across countries, with country legal systems as context, rather than estimating the causal effect of a specific government law, regulation, or public policy."
w13374,The Effect of Alcohol Consumption on Mortality: Regression Discontinuity Evidence from the Minimum Drinking Age,2007,False,high,"The paper's primary research question concerns the causal effect of alcohol consumption on mortality, not the causal effect of the minimum drinking age policy on financial markets, firms, or investors."
w13390,Capital Taxation and Ownership when Markets are Incomplete,2007,False,high,This is a purely theoretical paper analyzing optimal capital taxation in a neoclassical growth model without empirical testing of actual government policy effects.
w13439,Policy vs. Consumer Pressure: Innovation and Diffusion of Alternative Bleaching Technologies in the Pulp Industry,2007,False,high,"The paper's primary focus is on innovation and diffusion of bleaching technologies driven by consumer pressure, with regulation as a secondary consideration for ensuring broad diffusion rather than the main causal variable of interest."
w13498,"Heterogeneous Impact of the ""Seguro Popular"" Program on the Utilization of Obstetrical Services in Mexico, 2001-2006: A Multinomial Probit Model with a Discrete Endogenous Variable",2007,False,high,"This paper studies the impact of a health insurance program on health care utilization (obstetrical services), not on financial markets, firms, or investors."
w13561,Is the Food and Drug Administration Safe and Effective?,2007,False,high,"While the paper examines FDA regulation and PDUFA legislation, its primary focus is on theoretical welfare analysis and pharmaceutical market efficiency rather than estimating causal effects on financial markets, firms' financial outcomes, or investor behavior."
w13575,Environmental Law and Policy,2007,False,high,"This is a theoretical handbook chapter that describes and analyzes environmental policy instruments and their design without empirically testing the causal effect of any specific government law, regulation, or policy on financial markets, firms, or investors."
w13607,New Framework for Measuring and Managing Macrofinancial Risk and Financial Stability,2007,False,high,"This is a purely theoretical paper proposing an analytical framework (contingent claims analysis) for measuring macrofinancial risk without empirically testing the causal effect of any specific government law, regulation, or public policy."
w13679,"Principal-agent Incentives, Excess Caution, and Market Inefficiency: Evidence From Utility Regulation",2007,True,high,"The paper's primary research question is the causal effect of utility regulatory incentive schemes (a specific government policy) on firm behavior and market efficiency, tested empirically through natural gas procurement data."
w13690,"Rare Disasters, Asset Prices, and Welfare Costs",2007,False,high,"This is a purely theoretical paper using a representative-consumer model to study asset pricing and welfare costs from rare disasters, with no empirical test of any government law, regulation, or specific policy intervention."
w13697,Parental Leave Policies and Parents' Employment and Leave-Taking,2007,False,high,"This paper studies the causal effect of parental leave policies on parental employment and leave-taking behavior, which is labor/demographic economics research, not financial markets or firm finance research."
w13769,The Dynamics of City Formation,2008,False,high,"This is a purely theoretical paper about city formation and urban economics that does not empirically test the causal effect of any specific government law, regulation, or public policy."
w13831,International Economic Policy: Was There a Bush Doctrine?,2008,False,high,"This paper primarily describes and compares historical foreign economic policy approaches rather than empirically estimating the causal effect of a specific government law, regulation, or policy on financial markets, firms, or investors."
w13973,Sell Side School Ties,2008,True,high,"The paper's primary research question is the causal effect of Regulation FD (a specific government policy) on financial markets, using school ties as a channel through which the policy operates, with clear evidence that pre- and post-regulation effects differ significantly."
w14012,Explaining International Differences in Entrepreneurship: The Role of Individual Characteristics and Regulatory Constraints,2008,False,high,"The paper studies how individual characteristics and regulatory constraints affect entrepreneurship decisions, but does not estimate the causal effect of a specific government law or policy on financial markets, firms, or investors."
w14041,Effects of Regulation on Drug Launch and Pricing in Interdependent Markets,2008,True,high,The paper's primary research question is the causal effect of price regulation (a specific government policy) on drug launch timing and pricing in financial/market outcomes across multiple countries.
w14102,Marijuana Use and High School Dropout: The Influence of Unobservables,2008,False,high,"This paper studies the relationship between individual marijuana use and high school dropout outcomes using observational data; it does not examine the causal effect of a specific government law, regulation, or public policy on financial markets, firms, or investors."
w14113,"Bank Governance, Regulation, and Risk Taking",2008,True,high,"The paper empirically tests the causal effects of specific government regulations (capital regulations, deposit insurance policies, activity restrictions) on bank risk-taking behavior."
w14218,"Securities Laws, Disclosure, and National Capital Markets in the Age of Financial Globalization",2008,False,high,This is a primarily theoretical paper that describes and analyzes securities laws and disclosure requirements without empirically testing the causal effect of a specific government policy intervention on financial markets or firms.
w14311,Pitfalls of Participatory Programs: Evidence From a Randomized Evaluation in Education in India,2008,False,high,"This paper evaluates interventions to encourage participation in existing education committees rather than estimating the causal effect of a specific government law, regulation, or policy itself on financial markets, firms, or investors."
w14376,Efficiency bounds for missing data models with semiparametric restrictions,2008,False,high,This is a purely theoretical paper on semiparametric econometric methods for missing data without empirical testing of any government policy's causal effect on financial markets.
w14403,Optimal Taxation and Social Insurance with Endogenous Private Insurance,2008,False,high,"This is a purely theoretical paper deriving optimal policy formulas without empirically testing the causal effect of any specific government law, regulation, or policy."
w14414,Estimating Welfare in Insurance Markets Using Variation in Prices,2008,False,high,"The paper's primary focus is developing a welfare estimation methodology for insurance markets using firm-level data, not estimating the causal effect of a specific government policy on financial outcomes."
w14556,A Resource Belief-Curse? Oil and Individualism,2008,False,high,"The paper studies the correlation between beliefs about government intervention and oil industry reliance, but does not estimate the causal effect of a specific government law, regulation, or policy on financial markets, firms, or investors."
w14587,Banking Crises: An Equal Opportunity Menace,2008,False,high,This paper describes banking crises and their macroeconomic consequences but does not estimate the causal effect of a specific government policy or regulation on financial markets or firms.
w14599,The Impact of Family Income on Child Achievement: Evidence from the Earned Income Tax Credit,2008,False,high,"The paper's primary research question concerns the causal effect of family income on child achievement, not the causal effect of the EITC policy itself on financial markets, firms, or investors."
w14636,How Big are the Gains from International Financial Integration?,2009,False,high,"This is a purely theoretical paper using calibrated models to estimate welfare effects of financial integration, with no empirical test of a specific government law, regulation, or policy intervention."
w14648,Regulation and Distrust,2009,False,high,"This paper studies the correlation between regulation and social capital at the country level without estimating the causal effect of a specific government law, regulation, or policy on financial markets, firms, or investors."
w14656,The Aftermath of Financial Crises,2009,False,high,This paper describes the aftermath and characteristics of financial crises without estimating the causal effect of a specific government policy intervention on financial markets or firms.
w14712,The Credit Ratings Game,2009,False,high,This is a purely theoretical paper modeling CRA behavior and proposing regulatory solutions without empirically testing the causal effect of any specific government law or regulation on financial markets.
w14772,Optimal Endowment Destruction under Campbell-Cochrane Habit Formation,2009,False,high,"This is a theoretical paper examining preference modeling and welfare implications in a general equilibrium framework, without empirically testing the causal effect of any actual government policy on financial markets, firms, or investors."
w14779,On the Paradox of Prudential Regulations in the Globalized Economy: International Reserves and the Crisis a Reassessment,2009,False,high,This is a purely theoretical/conceptual paper discussing prudential regulation paradoxes and reserve policies without empirical testing of causal effects of specific government policies on financial outcomes.
w14802,What Segments Equity Markets?,2009,False,high,"The paper's primary research question is what factors explain equity market segmentation; while regulation is mentioned as one factor among many (political risk, market development, credit spreads), the causal effect of a specific government policy on markets is not the primary focus."
w14881,"Information Asymmetry, Information Precision, and the Cost of Capital",2009,False,high,"This is primarily a theoretical paper developing models about information asymmetry and cost of capital, with only passing reference to Regulation Fair Disclosure as an example without empirical testing of its causal effect."
w14892,Wall Street's First Corporate Governance Crisis: The Panic of 1826,2009,False,high,"The paper analyzes historical causes of firm failures and describes the legislative response, but does not estimate the causal effect of the enacted legislation on financial markets, firms, or investors."
w14931,Why Do Foreign Firms Have Less Idiosyncratic Risk than U.S. Firms?,2009,False,high,"This paper describes correlations between country characteristics (government stability, rule of law, market development, disclosure quality, shareholder protection) and idiosyncratic risk, but does not estimate the causal effect of a specific government policy intervention."
w14944,The Limitations of Stock Market Efficiency: Price Informativeness and CEO Turnover,2009,False,high,"The paper's primary research question concerns stock price informativeness and CEO turnover mechanisms, with Sarbanes-Oxley applied only as a limited application at the end rather than as the main causal focus of the study."
w14964,Education and the Prevalence of Pain,2009,False,high,"This paper studies the relationship between education and chronic pain prevalence, not the causal effect of a specific government law, regulation, or public policy on financial markets, firms, or investors."
w14971,When are Analyst Recommendation Changes Influential?,2009,False,high,"The paper's primary research question concerns analyst behavior and stock market reactions to recommendation changes, with Reg FD only mentioned as a contextual finding rather than the main causal effect of interest."
w14983,The Structure and Formation of Business Groups: Evidence from Korean Chaebols,2009,False,high,"The paper studies the determinants of business group ownership structures and pyramid formation in Korean chaebols as a matter of private firm behavior and family strategy, with no empirical test of a causal effect of a specific government law, regulation, or public policy."
w15018,Financial Crisis and the Paradox of Under- and Over-Regulation,2009,False,high,"This is a purely theoretical paper that does not empirically test the causal effect of any specific government law, regulation, or policy on financial outcomes."
w15044,Firm Heterogeneity and the Long-run Effects of Dividend Tax Reform,2009,False,high,This is a purely theoretical paper using a dynamic general equilibrium model to simulate dividend tax effects; it does not empirically test or estimate the causal effect of an actual government policy change.
w15126,Conditional Cash Penalties in Education: Evidence from the Learnfare Experiment,2009,False,high,"This paper studies the causal effect of a government welfare/education policy on student behavior and educational outcomes, not on financial markets, firms, or investors."
w15132,World Markets for Mergers and Acquisitions,2009,False,high,"This paper studies patterns and determinants of cross-border M&A activity (geography, currency, stock returns) without analyzing the causal effect of any specific government law, regulation, or public policy."
w15177,The Effects of the Length of the Tax-Loss Carryback Period on Tax Receipts and Corporate Marginal Tax Rates,2009,True,high,The paper's primary research question is the causal effect of a specific government tax policy (extending the net operating loss carryback period) on corporate financial outcomes (liquidity and marginal tax rates).
w15190,FORTY YEARS OF LATIN AMERICA'S ECONOMIC DEVELOPMENT: From the Alliance for Progress to the Washington Consensus,2009,False,high,"This is a descriptive historical analysis of Latin American economic policy evolution and conditions rather than an empirical study estimating the causal effect of a specific government intervention on financial markets, firms, or investors."
w15196,International Welfare and Employment Linkages Arising from Minimum Wages,2009,False,high,"This is primarily a theoretical paper that uses a two-country model to explore labor market linkages; it does not empirically test the causal effect of a specific minimum wage policy on financial markets, firms, or investors."
w15241,Beyond Testing: Empirical Models of Insurance Markets,2009,False,high,This is a methodological survey paper describing empirical techniques for insurance markets; it does not test the causal effect of a specific government policy on financial outcomes.
w15261,"Trade, Foreign Investment, and Industrial Policy for Developing Countries",2009,False,high,"This is a theoretical review paper that discusses industrial policy broadly without estimating the causal effect of any specific government law, regulation, or policy on financial markets, firms, or investors."
w15279,The Trouble with Cases,2009,False,high,"This is a purely theoretical paper about policy-making mechanisms that discusses behavioral biases in regulation without empirically testing the causal effect of any specific government law, regulation, or policy on financial markets, firms, or investors."
w15328,Behavioral Economics and Tax Policy,2009,False,high,"This is a theoretical review paper examining behavioral economics implications for tax policy design without empirical testing of a specific policy's causal effect on financial markets, firms, or investors."
w15365,"Party Affiliation, Partisanship, and Political Beliefs: A Field Experiment",2009,False,high,"This paper studies political partisanship and voting behavior in a general election context, not the causal effect of any government law, regulation, or public policy on financial markets, firms, or investors."
w15403,Banking Crises and the Rules of the Game,2009,False,high,"This is a primarily theoretical and historical paper that describes various government banking rules and their general association with crises, rather than empirically estimating the causal effect of a specific government policy on financial outcomes."
w15432,"Financial Globalization, Financial Crises and Contagion",2009,False,high,"This is a purely theoretical paper using an open-economy model to explain financial crisis mechanisms; it does not empirically test the causal effect of a specific government law, regulation, or policy."
w15472,"Mortgage Default, Foreclosure, and Bankruptcy",2009,True,high,"The paper's primary research question is the causal effect of the 2005 bankruptcy reform (a specific government policy) on homeowners' bankruptcy, default, and foreclosure decisions, with explicit analysis of how the reform changed behavioral relationships."
w15524,"From Great Depression to Great Credit Crisis: Similarities, Differences and Lessons",2009,True,high,"The paper's primary research question is estimating the causal effect of monetary and fiscal policies (government interventions) on economic outcomes during the Great Depression, using econometric methods to test policy effectiveness."
w15573,Lessons from the Great American Real Estate Boom and Bust of the 1920s,2009,False,high,"This is primarily a historical narrative comparing two real estate cycles that describes policies (deposit insurance, TBTF doctrine) as contextual factors rather than empirically testing the causal effect of a specific government intervention on financial markets."
w15583,Taxes and Time Allocation: Evidence from Single Women,2009,False,high,"The paper's primary research question concerns how income taxes affect individual time allocation decisions rather than the causal effect of a specific government policy on financial markets, firms, or investors."
w15652,Asset Fire Sales and Credit Easing,2010,True,high,The paper's primary research question examines the causal effect of Federal Reserve credit easing policies on financial markets and institutions during the crisis.
w15658,Intended and Unintended Effects of Youth Bicycle Helmet Laws,2010,False,high,"This paper studies the causal effects of youth bicycle helmet laws on bicycling behavior and fatalities, which is a public health policy domain, not a government intervention affecting financial markets, firms, or investors."
w15673,Innovation and Climate Policy,2010,False,high,"This is a literature review chapter on environmental innovation and climate policy that focuses on technology development incentives rather than estimating causal effects of specific policies on financial markets, firms' financial outcomes, or investor behavior."
w15710,Does the Structure of Banking Markets Affect Economic Growth? Evidence from U.S. State Banking Markets,2010,True,high,"The paper's primary research question examines the causal effects of specific government banking regulations (branching laws, bank entry regulations, deposit insurance) on economic growth, using historical variation in state-level policy as identification."
w15714,Simple Analytics of the Government Expenditure Multiplier,2010,False,high,"This is a purely theoretical paper using New Keynesian models to explain multiplier mechanisms with no empirical test of a specific government policy's causal effect on financial markets, firms, or investors."
w15717,Temperature and the Allocation of Time: Implications for Climate Change,2010,False,high,"This paper studies the causal effect of temperature on labor supply and time allocation, not the causal effect of a specific government law, regulation, or policy on financial markets, firms, or investors."
w15730,Securitization without risk transfer,2010,False,high,"The paper studies private bank behavior in structuring securitization conduits and their capital management strategies, with regulatory capital requirements as background context rather than analyzing the causal effect of a specific government policy intervention."
w15740,Who Benefits from KIPP?,2010,False,high,"This paper studies the causal effect of charter school attendance on student educational outcomes, not the causal effect of a government law, regulation, or public policy on financial markets, firms, or investors."
w16008,Build America Bonds,2010,True,high,"The paper's primary research question examines the causal effect of the Build America Bonds government subsidy program on municipal bond yields, financing costs, and market participation."
w16109,Belts and Suspenders: Interactions Among Climate Policy Regulations,2010,False,high,"This is a purely theoretical paper that discusses interactions between climate policy regulations conceptually without empirical testing of causal effects on financial markets, firms, or investors."
w16184,Growing State-Federal Conflicts in Environmental Policy: The Role of Market-Based Regulation,2010,False,high,"This is a theoretical paper analyzing the incentive structure of different regulatory instruments without empirically testing the causal effect of any specific government policy on financial markets, firms, or investors."
w16200,Credit Traps,2010,False,high,This is a purely theoretical paper analyzing monetary policy transmission mechanisms without empirical testing of specific government interventions or their causal effects.
w16208,The Central-Bank Balance Sheet as an Instrument of Monetary Policy,2010,False,high,"This is a purely theoretical paper extending a New Keynesian model without empirical testing of specific policy effects on financial markets, firms, or investors."
w16268,"Taxes, Permits, and Climate Change",2010,False,high,"This is a purely theoretical paper discussing optimal instrument design for climate regulation without empirical testing of any specific government policy's causal effects on financial markets, firms, or investors."
w16275,Automatic Stabilizers and Economic Crisis: US vs. Europe,2010,True,high,The paper's primary research question is the causal effect of specific government tax and transfer policies (automatic stabilizers) on economic outcomes (income and demand stabilization) during crisis.
w16368,"Culture, Institutions and the Wealth of Nations",2010,False,high,"This is a purely theoretical paper studying culture and institutions' effects on growth with no empirical test of a specific government law, regulation, or public policy on financial markets or firms."
w16418,The Effect of Shift Structure on Performance: The Role of Fatigue for Paramedics,2010,False,high,"The paper's primary research question concerns the effect of shift structure on worker performance and fatigue, not the causal effect of a specific government law or regulation on financial markets, firms, or investors."
w16445,An International Comparison of Capital Structure and Debt Maturity Choices,2010,False,high,"This paper studies how institutional and legal environments correlate with firm financing choices, but does not test the causal effect of a specific government law or policy change on financial outcomes."
w16453,Policy Options for State Pension Systems and Their Impact on Plan Liabilities,2010,False,high,"This paper calculates hypothetical pension liability outcomes under alternative policy scenarios but does not estimate the causal effect of an implemented government policy on financial markets, firms, or investors."
w16467,The Medical Care Costs of Obesity: An Instrumental Variables Approach,2010,False,high,"This paper estimates the causal effect of obesity on medical costs using health data, not the causal effect of any specific government law, regulation, or public policy on financial markets, firms, or investors."
w16529,Accelerating Energy Innovation: Insights from Multiple Sectors,2010,False,high,"This is a descriptive historical review of how various public policies have generally stimulated innovation across multiple sectors, without empirically estimating the causal effect of any specific government law, regulation, or policy on financial markets, firms, or investors."
w16553,Size Anomalies in U.S. Bank Stock Returns: A Fiscal Explanation,2010,True,high,"The paper's primary research question is the causal effect of government guarantees (a specific public policy) on bank stock returns, examining how this policy creates differential risk-adjusted returns across bank sizes."
w16571,Production Chains,2010,False,high,This is a primarily theoretical paper examining production chain fragility and optimal chain length through economic theory rather than empirically testing the causal effect of a specific government policy.
w16609,Over The Cliff: From the Subprime to the Global Financial Crisis,2010,False,high,The paper primarily describes and analyzes events and triggers of the financial crisis rather than estimating the causal effect of a specific government policy on financial outcomes.
w16619,Preference Heterogeneity and Optimal Capital Income Taxation,2010,False,high,"This is a purely theoretical paper using calibration and analytical modeling to derive optimal tax policy, not an empirical study estimating the causal effect of an existing government law or regulation on financial markets, firms, or investors."
w16620,A Behavioral Model of Demandable Deposits and its Implications for Financial Regulation,2010,False,high,"This is a purely theoretical paper developing a behavioral model to rationalize deposit contracts and discuss hypothetical regulatory implications, without empirically testing the causal effect of any specific government regulation on financial outcomes."
w16735,Transaction Cost Regulation,2011,False,high,"This is a purely theoretical paper discussing a conceptual framework for analyzing regulation without empirical testing of any specific policy's causal effect on financial markets, firms, or investors."
w16756,Reducing Greenhouse Gas Emissions by Forest Protection: The Transaction Costs of REDD,2011,False,high,"This paper focuses on transaction costs of forest conservation policy implementation and describes institutional design options, but does not estimate the causal effect of a specific government policy on financial markets, firms, or investors."
w16787,Safety-Net Benefits Conferred on Difficult-to-Fail-and-Unwind Banks in the US and EU Before and During the Great Recession,2011,True,high,The paper empirically estimates the causal effect of government safety-net policies (implicit guarantees for difficult-to-fail banks) on financial institutions' benefits and bailout decisions during a specific period.
w16806,The Evolution of Comparative Advantage: Measurement and Welfare Implications,2011,False,high,"This paper studies the evolution of comparative advantage and productivity across countries over time, with no specific government law, regulation, or public policy as the primary causal variable of interest."
w16877,The Effect of Evaluation on Performance: Evidence from Longitudinal Student Achievement Data of Mid-career Teachers,2011,False,high,"The paper's primary focus is on the causal effect of teacher evaluation (a human resources practice) on teacher performance, not on the causal effect of a government law, regulation, or public policy on financial markets, firms, or investors."
w16893,The Liquidation of Government Debt,2011,True,high,"The paper's primary research question examines the causal effect of specific government financial regulations and policies (interest rate caps, directed lending requirements, capital controls, and other financial repression measures) on debt reduction and financial markets during the Bretton Woods era."
w16909,Physician Response to Pay-for-Performance: Evidence from a Natural Experiment,2011,False,high,"This paper studies government pay-for-performance incentives in healthcare, which falls outside the scope of financial markets, firms, and investor research."
w16913,Estimating the Social Cost of Carbon for Use in U.S. Federal Rulemakings: A Summary and Interpretation,2011,False,high,"This paper describes the methodology for calculating the social cost of carbon for use in federal rulemakings but does not estimate the causal effect of any specific government law, regulation, or policy on financial markets, firms, or investors."
w17025,Optimal Portfolio Choice with Wage-Indexed Social Security,2011,False,high,"This is a theoretical paper examining optimal portfolio choice under an existing social security system; it does not estimate the causal effect of a specific government policy change on financial markets, firms, or investors."
w17031,"Individual Preferences, Organization, and Competition in a Model of R&D Incentive Provision",2011,False,high,This is a purely theoretical paper modeling R&D incentives without empirical testing of any specific government policy's causal effect on financial outcomes.
w17076,A Fistful of Dollars: Lobbying and the Financial Crisis,2011,False,high,"The paper studies the causal effect of lobbying (a firm behavior) on lending practices and crisis outcomes, not the causal effect of a specific government law, regulation, or public policy."
w17081,The Economics of Risky Health Behaviors,2011,False,high,"This paper's primary focus is on health economics and risky health behaviors rather than causal effects of government policies on financial markets, firms, or investors."
w17088,Peer Effects and Multiple Equilibria in the Risky Behavior of Friends,2011,False,high,This paper studies peer effects in adolescent risky behavior with no government policy intervention as the primary research question.
w17170,Pounds that Kill: The External Costs of Vehicle Weight,2011,False,high,"This paper estimates externalities from vehicle weight and proposes hypothetical policy options, but does not empirically test the causal effect of an actual implemented government law or regulation on financial markets, firms, or investors."
w17188,Regulation and Welfare: Evidence from Paragraph IV Generic Entry in the Pharmaceutical Industry,2011,True,high,"The paper's primary research question is the causal effect of Paragraph IV of the Hatch-Waxman Act (a specific government regulation) on pharmaceutical markets, firms, and consumers, with empirical estimation of welfare effects through demand modeling and counterfactual analysis."
w17226,Cross-National Evidence on Generic Pharmaceuticals: Pharmacy vs. Physician-Driven Markets,2011,True,high,"The paper's primary research question is the causal effect of specific government regulations and policies (pharmacist-switching authorization, physician vs. pharmacy decision-making rules, policy changes in EU countries) on generic pharmaceutical markets, prices, and uptake."
w17236,Has the Shift to Managed Care Reduced Medicaid Expenditures? Evidence from State and Local-Level Mandates,2011,False,high,"This paper studies the causal effect of a healthcare policy (Medicaid managed care mandates) on healthcare spending, not on financial markets, firms, or investors."
w17321,Implicit Guarantees and Risk Taking: Evidence from Money Market Funds,2011,False,high,"The paper's primary focus is on implicit guarantees and sponsor behavior as drivers of fund risk-taking, with government policy (explicit guarantee in 2008) serving as a comparative context rather than the main causal variable of interest."
w17332,Explaining Charter School Effectiveness,2011,False,high,"This paper studies the effectiveness of charter schools (a specific educational policy) on student achievement, not on financial markets, firms, or investors."
w17354,"Leverage Across Firms, Banks, and Countries",2011,False,high,"This paper primarily describes and documents stylized facts about leverage patterns across different firm types and countries, rather than estimating the causal effect of a specific government policy on financial outcomes."
w17377,The Effect of Interventions to Reduce Fertility on Economic Growth,2011,False,high,"This is a purely theoretical simulation model paper with no empirical test of a specific government policy's causal effect on financial markets, firms, or investors."
w17435,Credit Constraints in Education,2011,False,high,"This is a review paper about credit constraints and human capital accumulation that does not have a primary research question focused on estimating the causal effect of a specific government policy on financial markets, firms, or investors."
w17450,Racial Discrimination in the Labor Market: Theory and Empirics,2011,False,high,"This is a theoretical review paper about labor market discrimination that does not empirically test the causal effect of any specific government policy on financial markets, firms, or investors."
w17451,Insuring Long Term Care In the US,2011,False,high,"The paper provides an overview of policy issues and discusses impacts of long-term care policies, but the abstract indicates a descriptive/survey approach rather than estimating the causal effect of a specific policy on financial markets, firms, or investors."
w17479,The Stock Market Crash of 2008 Caused the Great Recession: Theory and Evidence,2011,False,high,"The paper's primary focus is explaining the causal mechanism between stock market crashes and recessions through economic theory and correlational evidence, not estimating the causal effect of a specific government law, regulation, or policy intervention."
w17482,Estimating Patients' Preferences for Medical Devices: Does the Number of Profile in Choice Experiments Matter?,2011,False,high,"This paper is a methodological study about conjoint analysis design for measuring patient preferences for medical devices, with no focus on causal effects of government policy on financial markets, firms, or investors."
w17588,"Marginal Effects in Multivariate Probit and Kindred Discrete and Count Outcome Models, with Applications in Health Economics",2011,False,high,"This is a purely methodological paper on econometric techniques (multivariate probit models) with health economics applications, not an empirical study of government policy effects on financial markets, firms, or investors."
w17687,Capitalizing China,2011,False,high,"This is a descriptive overview paper introducing a volume that examines China's financial system and institutions without testing the causal effect of a specific government policy on financial markets, firms, or investors."
w17734,"Climate Change, Crop Yields, and Internal Migration in the United States",2012,False,high,"This paper studies the causal effect of climate-driven crop yields on migration patterns, not the causal effect of a specific government law, regulation, or public policy on financial markets, firms, or investors."
w17736,Inconsistent Regulators: Evidence From Banking,2012,True,high,"The paper's primary research question examines the causal effect of different regulatory oversight regimes (federal vs. state bank supervision) on bank outcomes, using a quasi-experimental rotation schedule to identify the policy effect on financial firms."
w17804,Behind the GATE Experiment: Evidence on Effects of and Rationales for Subsidized Entrepreneurship Training,2012,False,high,"The paper evaluates the effects of a government entrepreneurship training program rather than a specific law, regulation, or policy directly affecting financial markets, firms, or investors."
w17823,Practical Monetary Policy: Examples from Sweden and the United States,2012,False,high,"This paper analyzes central bank communication and monetary policy decisions without empirically testing the causal effect of a specific policy instrument on financial markets, firms, or investors; it is a descriptive and argumentative analysis rather than an empirical causal study."
w17831,Resolving Debt Overhang: Political Constraints in the Aftermath of Financial Crises,2012,False,high,The paper primarily analyzes political constraints and legislative outcomes following crises rather than estimating the causal effect of a specific government policy on financial markets or firms.
w17909,Financial Regulation in General Equilibrium,2012,False,high,This is a purely theoretical paper using a general equilibrium model to explore hypothetical policy effects without empirically testing any specific government law or regulation on actual financial markets or firms.
w17934,"Liquidity, Business Cycles, and Monetary Policy",2012,False,high,"This is a primarily theoretical paper developing a monetary model with liquidity; while it mentions open market operations, it does not empirically test the causal effect of a specific government policy on financial markets or firms."
w17940,Tailspotting: Identifying and profiting from CEO vacation trips,2012,False,high,"The primary research question concerns CEO behavior and its relationship to news disclosure timing, not the causal effect of a government law, regulation, or public policy on financial markets or firms."
w18012,Fuel Economy and Safety: The Influences of Vehicle Class and Driver Behavior,2012,True,high,"The paper's primary research question is estimating the causal effect of U.S. fuel economy standards (a specific government policy) on safety outcomes, with analysis of alternative regulatory provisions."
w18025,The Impact of Health Information Technology on Hospital Productivity,2012,False,high,"The primary research question examines the causal effect of health IT adoption on hospital productivity, not the causal effect of a specific government law, regulation, or policy on financial markets, firms, or investors."
w18065,Revising Commitments: Field Evidence on the Adjustment of Prior Choices,2012,False,high,"This paper studies individual intertemporal choice behavior and self-control problems through a field experiment, not the causal effect of a specific government law, regulation, or public policy on financial markets, firms, or investors."
w18110,Housing Productivity and the Social Cost of Land-Use Restrictions,2012,False,high,"The primary research question concerns the causal effect of land-use restrictions on housing prices and productivity, but the paper's main focus is on housing market outcomes and real estate economics rather than on financial markets, firms, or investors as specified in the scope criteria."
w18219,Optimal Holdings of International Reserves: Self-Insurance against Sudden Stop,2012,False,high,This is a theoretical paper that models optimal reserve holdings through statistical modeling without empirically testing the causal effect of a specific government policy or regulation on financial markets.
w18246,Carry-Along Trade,2012,False,high,"This paper studies firm-level export behavior and product sourcing decisions without examining the causal effect of any specific government law, regulation, or public policy."
w18280,Fiscal Unions,2012,False,high,This is a purely theoretical paper using an open economy model with no empirical test of specific government policies' causal effects on financial markets.
w18285,"The Price Theory of Money, Prospero's Liquidity Trap, and Sudden Stop: Back to Basics and Back",2012,False,high,"This is a purely theoretical paper with no empirical test of a specific government law, regulation, or policy's causal effect on financial markets or the real economy."
w18306,The SO2 Allowance Trading System: The Ironic History of a Grand Policy Experiment,2012,False,high,"This paper primarily describes the history and ironies of the SO2 cap-and-trade system rather than estimating the causal effect of the policy on financial markets, firms, or investors."
w18332,Equalizing Outcomes and Equalizing Opportunities: Optimal Taxation when Children's Abilities Depend on Parents' Resources,2012,False,high,"This is a purely theoretical paper developing and calibrating an optimal tax policy model without empirically testing the causal effect of any specific existing government law, regulation, or policy on financial markets, firms, or investors."
w18395,"Executive Compensation and Corporate Governance in the U.S.: Perceptions, Facts and Challenges",2012,False,high,This paper describes and analyzes CEO compensation patterns and corporate governance practices without testing the causal effect of a specific government policy or regulation on financial outcomes.
w18431,"Financial Intermediation, Exchange Rates, and Unconventional Policy in an Open Economy",2012,True,high,"The paper's primary research question is the causal effect of specific government unconventional policies (credit facilities and foreign exchange intervention) on financial markets and exchange rates, studied through empirical model analysis."
w18450,Endogenous Dividend Dynamics and the Term Structure of Dividend Strips,2012,False,high,"This is a theoretical asset pricing paper focused on dividend dynamics and capital structure policies with no empirical test of a specific government law, regulation, or public policy's causal effect on financial markets."
w18469,Is Psychological Well-being Linked to the Consumption of Fruit and Vegetables?,2012,False,high,This paper studies the relationship between fruit/vegetable consumption and psychological well-being with no specific government policy intervention as the primary research question.
w18510,LEADS on Macroeconomic Risks to and from the Household Sector,2012,False,high,"This paper describes an informational system for monitoring household macroeconomic risks but does not estimate the causal effect of a specific government policy on financial markets, firms, or investors."
w18582,Fettered Consumers and Sophisticated Firms: Evidence from Mexico's Privatized Social Security Market,2012,True,high,The paper's primary research question is the causal effect of Mexico's government-mandated fee index policy on investor behavior and firm responses in financial markets.
w18591,The ARRA: Some Unpleasant Welfare Arithmetic,2012,False,high,"This paper studies the causal effect of tax and unemployment benefit rules on labor supply behavior (job acceptance/layoff decisions), not on financial markets, firms, or investors."
w18600,When Is There a Strong Transfer Risk from the Sovereigns to the Corporates? Property Rights Gaps and CDS Spreads,2012,False,high,"The paper studies the relationship between sovereign risk and corporate credit risk driven by property rights institutions, not the causal effect of a specific government law, regulation, or policy on financial markets."
w18656,Youth Depression and Future Criminal Behavior,2012,False,high,"This paper examines the relationship between adolescent depression and future criminal behavior with no primary focus on government intervention, regulation, or policy effects on financial markets, firms, or investors."
w18720,Does Information Help or Hinder Job Applicants from Less Developed Countries in Online Markets?,2013,False,high,"The paper studies private firm behavior (hiring decisions on an online platform) with no specific government law, regulation, or public policy as the primary causal variable of interest."
w18724,Measuring Margin,2013,False,high,The paper primarily advocates for improved measurement and reporting of margin rather than empirically testing the causal effect of a specific government policy on financial outcomes.
w18737,A Model of the Safe Asset Mechanism (SAM): Safety Traps and Economic Policy,2013,False,high,This is a purely theoretical paper presenting a model of safe asset mechanisms without empirical testing of specific government policies' causal effects on financial markets.
w18772,Long-Term Neighborhood Effects on Low-Income Families: Evidence from Moving to Opportunity,2013,False,high,"This paper studies neighborhood effects on families through a housing mobility experiment, not the causal effect of a government law, regulation, or public policy on financial markets, firms, or investors."
w18821,Did Housing Policies Cause the Postwar Boom in Homeownership?,2013,True,high,"The paper's primary research question is quantifying the causal effect of specific government housing policies (mortgage maturity expansion, mortgage interest deduction, housing taxation) on homeownership rates using an empirical equilibrium model."
w18864,Speculative Runs on Interest Rate Pegs,2013,False,high,This is a theoretical paper analyzing equilibrium conditions under interest rate pegging policy without empirical testing of causal effects on actual financial markets or firms.
w18895,"Does ""Skin in the Game"" Reduce Risk Taking? Leverage, Liability and the Long-Run Consequences of New Deal Banking Reforms",2013,True,high,"The paper's primary research question examines the causal effect of specific government policies (Banking Acts of 1933 and 1935, deposit insurance, capital requirements) on financial sector risk-taking through empirical analysis of contingent liability elimination."
w18952,The Economic Importance of Financial Literacy: Theory and Evidence,2013,False,high,"This is a survey paper assessing financial literacy research broadly, not a study of the causal effect of a specific government law, regulation, or public policy on financial markets, firms, or investors."
w18953,An Equilibrium Model of the African HIV/AIDS Epidemic,2013,False,high,"This paper studies HIV epidemiology and behavioral responses to health interventions in Malawi, not the causal effect of government financial market or firm regulation on financial outcomes."
w18964,"Gender Differences in Preferences, Intra-Household Externalities, and Low Demand for Improved Cookstoves",2013,False,high,"This paper studies household technology adoption preferences and intra-household decision-making behavior, not the causal effect of a specific government law, regulation, or public policy on financial markets, firms, or investors."
w19009,Pledgability and Liquidity: A New Monetarist Model of Financial and Macroeconomic Activity,2013,False,high,"This is a purely theoretical paper developing a macroeconomic model without empirical testing of a specific government law, regulation, or public policy's causal effect."
w19039,"The ""Greatest"" Carry Trade Ever? Understanding Eurozone Bank Risks",2013,False,high,"The paper's primary focus is explaining bank trading behavior and risk-taking during the Eurozone crisis, with government policy (guarantees, regulatory risk weights, central-bank funding) serving as contextual background rather than the main causal variable being estimated."
w19046,Using Performance Incentives to Improve Medical Care Productivity and Health Outcomes,2013,False,high,"This paper studies the causal effect of performance incentives on health care provider behavior and health outcomes in Rwanda, not on financial markets, firms, or investors."
w19050,Do Depositors Monitor Banks?,2013,False,high,"The paper studies depositor behavior and monitoring in response to bank solvency shocks, not the causal effect of a specific government law, regulation, or policy on financial markets or firms."
w19118,Spatial Equilibrium with Unemployment and Wage Bargaining: Theory and Estimation,2013,False,high,"This is a theoretical spatial equilibrium model paper focused on wages, unemployment, and migration with no specific government law, regulation, or public policy as the primary causal variable being tested."
w19164,Effects of Mental Health on Couple Relationship Status,2013,False,high,"This paper studies the causal effect of postpartum depression (a health condition) on relationship outcomes, not the causal effect of any government law, regulation, or public policy."
w19179,Generational Risk - Is It a Big Deal?: Simulating an 80-Period OLG Model with Aggregate Shocks,2013,False,high,This is a purely theoretical paper using simulation of an OLG model with no empirical test of actual government policy effects on real financial markets or firms.
w19232,Friends or Family? Revisiting the Effects of High School Popularity on Adult Earnings,2013,False,high,"This paper studies the effect of high school popularity on adult earnings through social networks, with no government law, regulation, or public policy as the primary causal variable of interest."
w19251,Competition in the Audit Market: Policy Implications,2013,True,high,The paper's primary research question is the causal effect of two specific government policies (Big 4 auditor exit scenarios and mandatory audit firm rotation mandates) on firms' audit service demand and consumer surplus in financial markets.
w19258,"Environmental Protection, Rare Disasters, and Discount Rates",2013,False,high,"This is a purely theoretical paper that models optimal discount rates and environmental investment using economic preferences and rare disaster models, without empirically testing the causal effect of any specific government law or regulation on financial markets, firms, or investors."
w19278,Government Debt and Banking Fragility: The Spreading of Strategic Uncertainty,2013,False,high,This is a purely theoretical paper analyzing equilibrium conditions and incentive structures without empirical testing of a specific government policy's causal effect on financial markets.
w19297,Crunch Time: Fiscal Crises and the Role of Monetary Policy,2013,False,high,The paper's primary focus is on describing fiscal-monetary dynamics and their implications rather than estimating the causal effect of a specific government policy intervention on financial markets or firms.
w19345,"Payment Size, Negative Equity, and Mortgage Default",2013,False,high,"The paper studies the causal effect of interest rate reductions on mortgage default behavior, but these rate changes result from market conditions on hybrid ARMs rather than from a specific government law, regulation, or public policy intervention."
w19358,The Twilight Zone: OTC Regulatory Regimes and Market Quality,2013,True,high,The paper's primary research question is the causal effect of different government regulatory regimes and disclosure requirements on OTC market quality (liquidity and crash risk).
w19362,From Sudden Stops to Fisherian Deflation: Quantitative Theory and Policy Implications,2013,False,high,This is a purely theoretical paper reviewing quantitative models of Sudden Stops and financial crises without empirically testing the causal effect of a specific government policy on financial markets.
w19419,The Impact of the Internet on Advertising Markets for News Media,2013,False,high,"This paper studies the causal effects of technological change (the internet) and market structure on advertising markets, not the causal effect of a specific government law, regulation, or public policy."
w19420,The Real Costs of Disclosure,2013,False,high,"This is a purely theoretical paper modeling disclosure effects without empirical testing of a specific government law, regulation, or public policy."
w19484,Regulating Consumer Financial Products: Evidence from Credit Cards,2013,True,high,"The paper's primary research question is the causal effect of a specific government law (the 2009 CARD Act) on financial markets and consumer borrowing costs, estimated using a difference-in-differences design on a large panel dataset."
w19494,Transportation Choices and the Value of Statistical Life,2013,False,high,"This paper estimates the value of statistical life through revealed preferences in transportation choices; it does not study the causal effect of a specific government law, regulation, or public policy on financial markets, firms, or investors."
w19533,Waste of Effort? International Environmental Agreements,2013,False,high,"This paper studies the causal effect of an international environmental agreement on waste shipments, not on financial markets, firms, or investors, which falls outside the scope of government intervention research in finance."
w19545,Rational Inattention and Energy Efficiency,2013,False,high,"This paper is primarily theoretical, modeling consumer decision-making under uncertainty about energy efficiency, rather than empirically testing the causal effect of a specific government law, regulation, or public policy on financial markets, firms, or investors."
w19568,Shadow Insurance,2013,False,high,"The paper primarily describes shadow insurance practices and models their potential effects rather than estimating the causal effect of a specific government law, regulation, or policy intervention."
w19572,The Redistributive Effects of Financial Deregulation,2013,False,high,"This is a purely theoretical paper that develops a model of financial regulation's redistributive effects without empirically testing the causal effect of any specific government law, regulation, or policy."
w19607,Credit Constraints and the Racial Gap in Post-Secondary Education in South Africa,2013,False,high,"This paper studies the causal effects of household income and academic ability on post-secondary enrollment decisions, not the causal effect of a specific government law, regulation, or public policy."
w19633,Financing as a Supply Chain: The Capital Structure of Banks and Borrowers,2013,False,high,"This is a primarily theoretical paper using a structural model; while it discusses policy impacts, the main research question concerns the joint capital structure decisions of banks and borrowers rather than empirically testing the causal effect of a specific government intervention."
w19691,"The Great Pyramids of America: A Revised History of US Business Groups, Corporate Ownership and Regulation, 1930-1950",2013,True,high,"The paper's primary research question examines the causal effects of multiple specific government policies (Public Utility Holding Company Act, intercorporate dividend taxation, investor protection reforms, Investment Company Act, estate taxes, antitrust enforcement) on the structure of US corporate ownership and business groups."
w19736,The Economic Cost of Global Fuel Subsidies,2013,False,high,"The paper describes and calculates welfare effects of existing fuel subsidy policies but does not estimate the causal effect of implementing or changing a specific government intervention on financial markets, firms, or investors."
w19742,Endogenous Stratification in Randomized Experiments,2013,False,high,"This is a methodological paper about econometric techniques for analyzing experimental data, not a paper estimating the causal effect of a specific government policy on financial markets, firms, or investors."
w19747,Is Bitcoin a Real Currency? An economic appraisal,2013,False,high,"This paper evaluates whether Bitcoin functions as a currency based on economic criteria, but does not examine the causal effect of any government law, regulation, or public policy on financial markets, firms, or investors."
w19761,The Effect of U.S. Health Insurance Expansions on Medical Innovation,2013,False,high,"The paper studies the effect of health insurance policy on medical innovation and patenting, which is outside the scope of financial markets, firms, and investors as the primary research domain."
w19801,Cross Border Effects of State Health Technology Regulation,2014,False,high,"The paper studies the causal effect of Certificate of Need Laws on healthcare technology supply, which is a health policy issue, not a financial markets, firms, or investors policy—falling outside the scope of finance research on government intervention."
w19806,Corporate Governance and Risk Management at Unprotected Banks: National Banks in the 1890s,2014,False,high,"The paper's primary focus is on corporate governance and agency problems in banks, using the 1890s as a setting specifically BECAUSE there was no government intervention or deposit insurance, making this fundamentally about private firm behavior rather than the causal effect of any specific government policy."
w19814,Market Set-Up in Advance of Federal Reserve Policy Decisions,2014,False,high,The paper studies market behavior in anticipation of Fed communication/announcements rather than testing the causal effect of a specific government policy intervention on financial outcomes.
w19885,A Macroeconomic Framework for Quantifying Systemic Risk,2014,False,high,"This is a purely theoretical macroeconomic model paper with no empirical test of a specific government law, regulation, or public policy's causal effect."
w19906,Relaxing Occupational Licensing Requirements: Analyzing Wages and Prices for a Medical Service,2014,False,high,"The paper's primary research question concerns the causal effect of occupational licensing policy on wages, employment, and medical service prices, which are labor market and healthcare service outcomes, not financial markets, firms, or investors."
w19910,A Century of Capital Structure: The Leveraging of Corporate America,2014,False,high,This paper describes long-term trends in corporate leverage and attributes them to macroeconomic factors and financial development rather than estimating the causal effect of a specific government law or regulation on financial outcomes.
w19951,Trapped Factors and China's Impact on Global Growth,2014,True,high,The paper's primary research question examines the causal effect of a specific government policy—China's WTO accession (a major trade policy change)—on global economic growth through trade barrier reductions.
w19960,Managing Credit Bubbles,2014,False,high,This is a purely theoretical paper with no empirical test of a specific government policy's causal effect on actual financial markets or firms.
w19972,Rating Agencies,2014,True,high,The paper's primary research question examines the causal effects of specific government regulations (regulatory reliance on ratings and risk-weighted capital prudential regulation) on credit rating behavior and accuracy in financial markets.
w19984,Why Do Banks Practice Regulatory Arbitrage? Evidence from Usage of Trust Preferred Securities,2014,True,high,"The paper's primary research question is the causal effect of capital requirements (a specific government regulation) on banks' financial decisions and risk-taking, tested empirically through trust preferred securities issuance patterns."
w20004,Democracy Does Cause Growth,2014,False,high,"The paper studies the causal effect of democracy (a broad political system) on general economic growth (GDP), not the specific effect of a particular government law, regulation, or public policy on financial markets, firms, or investors."
w20048,The Role of Sales Agents in Information Disclosure: Evidence from a Field Experiment,2014,False,high,"The paper's primary focus is on private firm behavior (sales agent conduct and incentives) with government policy (rebates/subsidies) as secondary context, rather than on estimating the causal effect of a specific government intervention."
w20075,Financial Health Economics,2014,True,high,"The paper's primary research question examines the causal effect of government intervention risk (specifically threats of government intervention in health care) on financial market outcomes (equity returns and R&D investment), with empirical evidence from abnormal returns surrounding intervention threats."
w20109,When Does Regulation Distort Costs? Lessons from Fuel Procurement in U.S. Electricity Generation,2014,True,high,The paper's primary research question is the causal effect of state-level deregulation legislation (ending cost-of-service regulation) on power plants' fuel procurement practices and costs.
w20164,Human Capital Effects of Anti-Poverty Programs: Evidence from a Randomized Housing Voucher Lottery,2014,False,high,"The paper's primary research question concerns the effect of housing vouchers on children's human capital outcomes (educational, health, and criminal justice), not the causal effect on financial markets, firms, or investors."
w20165,How does macroprudential regulation change bank credit supply?,2014,False,high,This is a purely theoretical paper using a Diamond-Dybvig model extension with no empirical test or estimation of actual policy effects on financial outcomes.
w20386,International Reserves Before and After the Global Crisis: Is There No End to Hoarding?,2014,False,high,"This paper studies determinants of international reserve hoarding by central banks rather than estimating the causal effect of a specific government law, regulation, or policy on financial markets or firms."
w20434,Experimental Evidence on Distributional Effects of Head Start,2014,False,high,"This paper studies the causal effects of a government education program (Head Start) on student cognitive and non-cognitive outcomes, not on financial markets, firms, or investors."
w20483,Self-regulation and Health,2014,False,high,"The paper studies self-regulation as a personal behavioral trait affecting health choices, not the causal effect of a specific government law, regulation, or public policy on financial markets, firms, or investors."
w20544,Investment Banks as Corporate Monitors in the Early 20th Century United States,2014,True,high,"The paper's primary research question is the causal effect of Section 10 of the Clayton Antitrust Act of 1914 on corporate finance outcomes (valuation, investment, leverage, cost of funds) using a difference-in-differences approach with falsification tests."
w20590,The Value of Regulatory Discretion: Estimates from Environmental Inspections in India,2014,True,high,"The paper's primary research question is the causal effect of increased environmental inspection frequency (a specific government regulatory policy) on firm compliance and pollution emissions, tested through a field experiment with random assignment."
w20652,Safe Assets,2014,False,high,"This is a purely theoretical paper using a Lucas-tree model to derive equilibrium values; it does not empirically test the causal effect of any specific government law, regulation, or policy on financial markets."
w20657,Validating Teacher Effect Estimates Using Changes in Teacher Assignments in Los Angeles,2014,False,high,"This paper studies teacher effectiveness measurement methodology in education, not the causal effect of government laws, regulations, or public policies on financial markets, firms, or investors."
w20724,The Minimum Wage and the Great Recession: Evidence of Effects on the Employment and Income Trajectories of Low-Skilled Workers,2014,False,high,"The paper studies the causal effect of minimum wage policy on worker employment and income, which is labor economics rather than financial markets, firms, or investors."
w20780,A Variational Approach to the Analysis of Tax Systems,2014,False,high,"This is a purely theoretical paper developing general methods for tax analysis without empirically testing the causal effects of a specific government tax law or policy on financial markets, firms, or investors."
w20792,Charters Without Lotteries: Testing Takeovers in New Orleans and Boston,2014,False,high,"This paper studies the causal effect of charter school attendance on student achievement, not the effect of government policy/regulation on financial markets, firms, or investors."
w20866,Sacred Values? The Effect of Information on Attitudes toward Payments for Human Organs,2015,False,high,"This paper studies public attitudes toward a hypothetical policy change via survey experiment, not the causal effect of an actual implemented government law, regulation, or public policy on financial markets, firms, or investors."
w20884,The Impact of Unemployment Benefit Extensions on Employment: The 2014 Employment Miracle?,2015,True,high,"The paper's primary research question is the causal effect of a specific government policy (unemployment benefit extensions) on labor market outcomes (employment and labor force participation), estimated through an exogenous policy discontinuity."
w20902,Killing the Golden Goose? The Decline of Science in Corporate R&D,2015,False,high,"The paper's primary research question concerns private firm behavior (declining scientific research in corporate R&D), with policy implications mentioned only as secondary; it does not estimate the causal effect of a specific government policy."
w20906,Synthesizing Econometric Evidence: The Case of Demand Elasticity Estimates,2015,False,high,"This paper synthesizes existing econometric evidence on demand elasticity rather than estimating the causal effect of a specific government policy on financial markets, firms, or investors."
w20957,The Real Value of China's Stock Market,2015,False,high,The paper describes stock market characteristics and efficiency in China without empirically testing the causal effect of a specific government policy or regulation on financial outcomes.
w21091,Robots: Curse or Blessing? A Basic Framework,2015,False,high,"This is a purely theoretical paper using a basic framework to analyze robot productivity without empirically testing the causal effect of any specific government law, regulation, or public policy."
w21173,Maintaining Central-Bank Financial Stability under New-Style Central Banking,2015,False,high,"This is primarily a theoretical paper analyzing central bank solvency mechanics under quantitative easing without empirically testing the causal effect of a specific government policy on financial markets, firms, or investors."
w21201,Runs versus Lemons: Information Disclosure and Fiscal Capacity,2015,False,high,This is a theoretical modeling paper studying optimal disclosure and fiscal policy design without empirical testing of specific government laws or regulations' causal effects on financial markets.
w21258,Customers and Investors: A Framework for Understanding Financial Institutions,2015,False,high,"This is a purely theoretical paper developing a conceptual framework for understanding financial institutions without empirically testing the causal effect of any specific government law, regulation, or policy."
w21316,"Government Economic Policy, Sentiments, and Consumption",2015,False,high,"The paper studies how sentiment about government policy affects consumption, not the causal effect of a specific government law, regulation, or policy itself on financial/economic outcomes."
w21358,Fiscal Policies and the Prices of Labor: A Comparison of the U.K. and U.S.,2015,False,high,"This paper describes and measures tax rates and their evolution rather than estimating the causal effect of fiscal policies on financial markets, firms, or investors."
w21451,An Evaluation of The Mellon Mays Undergraduate Fellowship's Effect on PhD Production at Non-UNCF Institutions,2015,False,high,"This paper studies the causal effect of a private foundation's fellowship program on educational outcomes, not the effect of a government law, regulation, or public policy on financial markets, firms, or investors."
w21461,Employee Financial Literacy and Retirement Plan Behavior: A Case Study,2015,False,high,"The paper's primary research question is the relationship between employee financial literacy and retirement plan behavior, not the causal effect of a specific government law, regulation, or public policy on financial outcomes."
w21494,Double Liability at Early American Banks,2015,True,high,"The paper's primary research question examines the causal effects of a specific government regulation (double liability law) on financial outcomes including bank leverage, debt pricing, and shareholder behavior."
w21548,Optimal Debt and Profitability in the Tradeoff Theory,2015,False,high,This is a purely theoretical paper developing a dynamic model of optimal leverage with no empirical test of any specific government policy or regulation's causal effect.
w21611,Moral Incentives in Credit Card Debt Repayment: Evidence from a Field Experiment,2015,False,high,"The paper's primary research question concerns the behavioral effect of moral messaging on individual debt repayment decisions, not the causal effect of a government law, regulation, or public policy on financial markets, firms, or investors."
w21635,"Pollution, Infectious Disease, and Mortality: Evidence from the 1918 Spanish Influenza Pandemic",2015,False,high,"The paper studies the causal effect of air pollution on mortality during a pandemic, not the causal effect of a specific government law, regulation, or public policy on financial markets, firms, or investors."
w21664,"The Pitfalls of External Dependence: Greece, 1829-2015",2015,False,high,"This is a historical narrative examining Greek debt crises and external dependence patterns over two centuries, not an empirical study estimating the causal effect of a specific government policy on financial markets or firms."
w21688,Greek Budget Realities: No Easy Options,2015,False,high,"The paper is a theoretical/simulation study examining hypothetical tax and expenditure policies without estimating the causal effect of a specific implemented government law or regulation on financial markets, firms, or investors."
w21805,The International Monetary Fund: 70 Years of Reinvention,2015,False,high,"This is a descriptive historical review of IMF institutional evolution rather than an empirical study estimating the causal effect of a specific government policy or regulation on financial markets, firms, or investors."
w21810,The Dynamics of Adjustable-Rate Subprime Mortgage Default: A Structural Estimation,2015,False,high,"This paper focuses on borrower behavior and default decisions in subprime mortgages with policy simulations as secondary analysis, rather than having a PRIMARY research question about the causal effect of a specific government law, regulation, or policy on financial markets or firms."
w21830,The Minimum Wage and the Great Recession: Evidence from the Current Population Survey,2016,False,high,"The primary research question concerns the causal effect of minimum wage policy on employment, which is a labor market outcome, not financial markets, firms' financial performance, or investor behavior."
w21837,Contracting out the Last-Mile of Service Delivery: Subsidized Food Distribution in Indonesia,2016,True,high,The paper's primary research question examines the causal effect of a government procurement policy reform (allowing outsourcing of subsidized rice distribution) on financial outcomes (prices/markups) and quality for households and firms.
w21890,What We Learn from China's Rising Shadow Banking: Exploring the Nexus of Monetary Tightening and Banks' Role in Entrusted Lending,2016,True,high,"The paper's primary research question is the causal effect of specific Chinese government regulations and monetary policy on financial institutions' behavior and shadow banking activity, with empirical testing using transaction-based loan data."
w21937,The Effect of Smoking on Obesity: Evidence from a Randomized Trial,2016,False,high,"This paper studies the causal effect of individual smoking behavior on health outcomes (BMI), not the causal effect of any government law, regulation, or public policy on financial markets, firms, or investors."
w21954,Japanization: Is it Endemic or Epidemic?,2016,False,high,This is primarily a theoretical paper defining and analyzing macroeconomic conditions (Japanization) without empirical testing of specific government policy causal effects on financial markets or firms.
w22043,Estimating Social Preferences and Gift Exchange at Work,2016,False,high,"This paper studies worker behavior and social preferences in a controlled experiment with no government law, regulation, or public policy intervention as the primary research question."
w22052,Effects of Welfare Reform on Women's Voting Participation,2016,False,high,"The paper studies the effect of welfare reform on voting participation, which is a political/civic outcome, not on financial markets, firms, or investors."
w22059,Fiscal and Financial Crises,2016,False,high,This is a survey paper documenting the evolution of crises and their interconnections rather than estimating the causal effect of a specific government policy on financial outcomes.
w22085,Population Policy: Abortion and Modern Contraception are Substitutes,2016,False,high,"The primary research question concerns the behavioral relationship between contraception and abortion in response to policy change, not the causal effect of the policy on financial markets, firms, or investors."
w22096,Macroeconomic-Driven Prepayment Risk and the Valuation of Mortgage-Backed Securities,2016,False,high,"The primary research question concerns macroeconomic drivers of prepayment risk and MBS valuation; while the paper mentions Fannie Mae credit risk and Fed QE as affecting prices, these are incidental findings rather than the primary focus, and the main empirical work analyzes prepayment behavior and risk premia rather than estimating causal effects of specific government policies."
w22117,Labor Market Institutions in the Gilded Age of American Economic History,2016,False,high,"The paper primarily studies labor market institutions and wage determination in the 19th century with government intervention as contextual background, rather than causally estimating the effect of a specific government law or policy on financial markets, firms, or investors."
w22155,"Canary in a Coal Mine: Infant Mortality, Property Values, and Tradeoffs Associated with Mid-20th Century Air Pollution",2016,False,high,"This paper studies the health and economic effects of coal-fired power plant expansion without examining the causal effect of a specific government law, regulation, or policy intervention—it focuses on unregulated pollution and private firm behavior rather than policy evaluation."
w22185,Collective Action by Contract: Prior Appropriation and the Development of Irrigation in the Western United States,2016,False,high,"While the paper studies a legal/regulatory system (prior appropriation water rights), it is primarily about the economic determinants and effects of a voluntarily-adopted institutional arrangement rather than a specific government law or regulation with a causal effect on financial markets, firms, or investors."
w22195,Competition and Bank Liquidity Creation,2016,True,high,The paper's primary research question examines the causal effect of interstate bank deregulation (a specific government policy) on liquidity creation by banks.
w22261,Price Regulation and Environmental Externalities: Evidence from Methane Leaks,2016,True,high,The paper's primary research question examines the causal effect of price regulation (a specific government policy for natural monopolies) on firms' abatement expenditures and environmental outcomes.
w22307,"The Spillovers, Interactions, and (Un)Intended Consequences of Monetary and Regulatory Policies",2016,True,high,"The paper's primary research question examines the causal effects of specific government policies (UK microprudential capital requirements and Funding for Lending Scheme) on financial markets (cross-border bank lending), with empirical estimation using bank-level data."
w22355,Equity is Cheap for Large Financial Institutions: The International Evidence,2016,False,high,"The paper studies how implicit government bailout guarantees affect stock returns of large financial institutions, but does not estimate the causal effect of a specific government law, regulation, or policy on financial markets—instead it examines a general institutional characteristic (bailout likelihood) and its pricing implications."
w22425,Estimating Local Fiscal Multipliers,2016,False,high,"The paper studies the causal effect of government spending on the real economy (income, employment, growth) rather than on financial markets, firms, or investors."
w22431,Monetary Policy with 100 Percent Reserve Banking: An Exploration,2016,False,high,"This is a purely theoretical paper exploring monetary policy in a hypothetical economy without fractional reserve banking, lacking empirical testing of any actual government policy's causal effect on real financial markets or firms."
w22463,Banking the Unbanked? Evidence From Three Countries,2016,True,high,The paper empirically tests the causal effect of a specific government policy (expanding access to basic bank accounts) on financial behavior and outcomes across three countries.
w22491,The Morale Effects of Pay Inequality,2016,False,high,"This paper studies worker behavior and morale in response to pay structure variations in a controlled experiment, not the causal effect of a government law, regulation, or public policy on financial markets, firms, or investors."
w22558,Do Low Levels of Blood Lead Reduce Children's Future Test Scores?,2016,False,high,"This paper studies the effect of lead exposure on children's educational outcomes, not the causal effect of government policy on financial markets, firms, or investors."
w22594,Financial Safety Nets,2016,False,high,This is a purely theoretical paper about optimal safety net design with no empirical test of actual government policy effects.
w22606,"Older Women’s Labor Market Attachment, Retirement Planning, and Household Debt",2016,False,high,"This paper studies older women's labor force attachment, retirement planning, and household debt without a primary research question focused on the causal effect of a specific government law, regulation, or public policy."
w22628,Heterogeneous Impact Dynamics of a Rural Business Development Program in Nicaragua,2016,False,high,"This paper studies the causal effects of a rural business development program on farm income and investment, which is development economics rather than financial markets/firms/investors research, and is outside the scope of government intervention effects on finance."
w22655,Quantitative Spatial Economics,2016,False,high,"This is a theoretical review paper on quantitative spatial economics models that discusses policy interventions only as illustrative examples of counterfactual exercises, not as the primary research question testing the causal effect of a specific government intervention."
w22729,Measuring Liquidity Mismatch in the Banking Sector,2016,False,high,This paper focuses on measuring and describing banking sector liquidity risk rather than estimating the causal effect of a specific government policy on financial markets or firms.
w22746,Mainstreaming an Effective Intervention: Evidence from Randomized Evaluations of “Teaching at the Right Level” in India,2016,False,high,"This paper evaluates educational interventions (teaching methods) on student learning outcomes, not the causal effect of government laws, regulations, or financial policies on financial markets, firms, or investors."
w22760,Local Government and Old-Age Support in the New Deal,2016,True,high,The paper's primary research question is the causal effect of a specific government policy (state laws governing the division of funding between local and state governments for the Old Age Assistance Program) on financial transfers and program outcomes.
w22763,Fiscal Risk and the Portfolio of Government Programs,2016,False,high,This is a purely theoretical paper developing a general government cost-benefit analysis model without empirical testing of the causal effects of specific policies on financial markets or firms.
w22812,International Transmissions of Monetary Shocks: Between a Trilemma and a Dilemma,2016,False,high,"This paper studies the causal effects of monetary policy shocks and capital controls on exchange rates and monetary autonomy, but its primary focus is on central bank monetary policy transmission mechanisms rather than the causal effect of a specific government law, regulation, or public policy on financial markets."
w22828,Corporate Deleveraging,2016,False,high,"This paper studies corporate deleveraging behavior as a firm financial decision with no specific government law, regulation, or policy as the primary research question."
w22845,Does The Samaritan's Dilemma Matter? Evidence From U.S. Agriculture,2016,False,high,"While federal disaster assistance is mentioned, the paper's primary research question focuses on how bailout expectations affect farmer behavior (insurance decisions, input expenditure, crop revenue) rather than estimating the causal effect of a specific government policy intervention itself."
w22856,A Shadow Rate New Keynesian Model,2016,False,high,"This is primarily a theoretical modeling paper that develops a New Keynesian framework; while it discusses monetary policy effects, it does not estimate the causal effect of a specific government policy on financial markets or firms through empirical testing."
w22861,Geographical Distribution of Emergency Department Closures and Consequences on Heart Attack Patients,2016,False,high,"This paper studies the health outcomes of ED closures on patients, not the causal effect of government policy on financial markets, firms, or investors."
w22897,Investment-less Growth: An Empirical Investigation,2016,False,high,"The paper's primary research question is explaining variation in private investment levels across firms and industries through multiple mechanisms (financial frictions, intangibles, competition, governance), not estimating the causal effect of a specific government policy on financial outcomes."
w22954,A Behavioral New Keynesian Model,2016,False,high,"This is a purely theoretical paper presenting a New Keynesian model with behavioral features, without empirical testing of any specific government policy's causal effect on financial outcomes."
w23041,Political Determinants of Competition in the Mobile Telecommunication Industry,2017,False,high,"The paper studies how political factors and government regulation shape competition and prices in telecommunications, but its primary focus is on political determinants and comparative regulatory design rather than estimating the causal effect of a specific government law or policy intervention on financial markets or firms."
w23122,Keepin' 'em Down on the Farm: Migration and Strategic Investment in Children's Schooling,2017,False,high,"The primary research question concerns how parental strategic behavior responds to job market opportunities (an intervention providing recruiting services), not the causal effect of a specific government law, regulation, or public policy on financial markets, firms, or investors."
w23288,"Fintech, Regulatory Arbitrage, and the Rise of Shadow Banks",2017,True,high,"The paper's primary research question is the causal effect of specific government regulations (capital requirements, mortgage servicing rules, OCC supervision changes) on financial markets (mortgage origination by shadow banks vs. traditional banks), estimated through difference-in-difference methodology."
w23311,Measuring the Effects of Federal Reserve Forward Guidance and Asset Purchases on Financial Markets,2017,False,high,"This paper studies central bank communication (forward guidance) and monetary policy implementation (asset purchases) without a specific government law, regulation, or public policy mandate—these are central bank operational decisions, not legislative or regulatory government interventions."
w23322,Population and Civil War,2017,False,high,"This paper studies the causal effect of population growth (driven by health innovations) on civil conflict, not the causal effect of a specific government law, regulation, or public policy on financial markets, firms, or investors."
w23353,Cost of Service Regulation in U.S. Health Care: Minimum Medical Loss Ratios,2017,False,high,"The paper's primary subject is health insurance regulation and medical claims costs, not the causal effect on financial markets, firms (in a finance context), or investors."
w23628,The Effects of U.S. Monetary Policy on Emerging Market Economies' Sovereign and Corporate Bond Markets,2017,False,high,"The paper studies the causal effects of Federal Reserve monetary policy on emerging market bond markets, but Federal Reserve monetary policy is central bank communication/action rather than a specific government law, regulation, or public policy as defined in the inclusion criteria."
w23675,Simulating Business Cash Flow Taxation,2017,False,high,"This is a purely theoretical simulation paper that models a hypothetical, never-enacted policy using a calibrated OLG model, without any empirical test of actual causal effects on real-world financial markets, firms, or investors."
w23682,The Medical Care Costs of Youth Obesity: An Instrumental Variables Approach,2017,False,high,"This paper studies the causal effect of obesity on medical costs without examining any specific government law, regulation, or policy intervention—it only provides economic rationale for potential intervention."
w23706,The Time-Varying Price of Financial Intermediation in the Mortgage Market,2017,False,high,"The paper's primary research question is about the time-varying price of financial intermediation in mortgages, not the causal effect of a specific government law or regulation on financial markets."
w23747,"Bail-ins and Bail-outs: Incentives, Connectivity, and Systemic Stability",2017,False,high,This is a purely theoretical paper modeling strategic interactions between regulators and creditors with no empirical test of actual government intervention policies or their causal effects.
w23758,Uncompensated Care and the Collapse of Hospital Payment Regulation: An Illustration of the Tinbergen Rule,2017,False,high,This paper primarily describes the structure and collapse of hospital payment regulation rather than empirically estimating the causal effect of a specific government policy on financial or economic outcomes.
w23775,Personalized Pricing and Consumer Welfare,2017,False,high,"The paper studies the welfare effects of personalized pricing by a private firm using experiments, with policy implications discussed only tangentially; it does not estimate the causal effect of a specific government law, regulation, or public policy."
w23887,Optimal Regulation with Exemptions,2017,False,high,"This is a purely theoretical paper analyzing optimal regulatory design mechanisms without empirical testing of any specific government policy's causal effects on financial markets, firms, or investors."
w23893,Sizing up Market Failures in Export Pioneering Activities,2017,False,high,The paper is primarily theoretical/analytical about market failure conditions in export markets rather than estimating the causal effect of a specific government policy on financial outcomes.
w23901,How Do Peers Influence BMI? Evidence from Randomly Assigned Classrooms in South Korea,2017,False,high,"The paper's primary research question concerns peer influence on BMI through social networks, not the causal effect of a specific government law, regulation, or public policy on financial markets, firms, or investors."
w23984,"Financial Crises, Dollarization, and Lending of Last Resort in Open Economies",2017,False,high,This is a purely theoretical paper proposing a model of dollarization and financial instability with no empirical test of a specific government policy's causal effect.
w23987,Digital Innovation and the Distribution of Income,2017,False,high,"This is a purely theoretical paper that discusses how digital innovation affects income inequality and market structures without empirically testing the causal effect of any specific government law, regulation, or public policy."
w24019,How Well Do Automated Linking Methods Perform? Lessons from U.S. Historical Data,2017,False,high,"This paper focuses on methodological issues in record linkage algorithms rather than estimating the causal effect of a specific government policy on financial markets, firms, or investors."
w24068,A New Index of Debt Sustainability,2017,False,high,This is a purely theoretical paper developing a methodological framework for measuring debt sustainability with no empirical test of a specific government policy's causal effect on financial markets or firms.
w24083,Who Falls Prey to the Wolf of Wall Street? Investor Participation in Market Manipulation,2017,False,high,"The paper's primary research question concerns investor behavior and characteristics in response to market manipulation schemes, not the causal effect of a specific government law or regulation on financial markets."
w24231,The Impact of Health on Labor Market Outcomes: Experimental Evidence from MRFIT,2018,False,high,"The paper studies the causal effect of a health intervention trial on labor market outcomes, not the causal effect of a government law, regulation, or public policy on financial markets, firms, or investors."
w24277,Does E-Cigarette Advertising Encourage Adult Smokers to Quit?,2018,False,high,"The paper studies the causal effect of e-cigarette advertising (private firm marketing behavior) on smoking cessation, not the causal effect of a specific government law, regulation, or policy instrument."
w24311,"How Persistent Low Expected Returns Alter Optimal Life Cycle Saving, Investment, and Retirement Behavior",2018,False,high,This is a purely theoretical/simulation paper that models household behavior under different return environments without estimating the causal effect of any specific government policy intervention.
w24391,"Grain Today, Gain Tomorrow: Evidence from a Storage Experiment with Savings Clubs in Kenya",2018,False,high,"This paper studies the causal effects of experimental interventions (savings schemes and storage devices) on farmer behavior, not the causal effects of government laws, regulations, or public policies on financial markets, firms, or investors."
w24450,More than Just a Nudge: Supporting Kindergarten Parents with Differentiated and Personalized Text-Messages,2018,False,high,"This paper studies educational interventions for kindergarten children and parents, not government policy effects on financial markets, firms, or investors."
w24451,Tax-Exempt Lobbying: Corporate Philanthropy as a Tool for Political Influence,2018,False,high,"The paper studies corporate political influence behavior through charitable giving, not the causal effect of a specific government law or policy on financial markets, firms, or investors."
w24513,Corporate Foreign Bond Issuance and Interfirm Loans in China,2018,True,high,"The paper's primary research question examines the causal effect of a specific government regulatory shock (2008-09 authorities' restrictions on risky firms' financial activities) on corporate behavior (interfirm lending and bond issuance), which is a direct test of government policy impact on firm financial decisions."
w24543,Innovation and Trade Policy in a Globalized World,2018,False,high,"This is a purely theoretical paper that builds a dynamic general equilibrium growth model without empirical testing of actual policy effects on financial markets, firms, or investors."
w24602,Non-linear Real Arithmetic Benchmarks derived from Automated Reasoning in Economics,2018,False,high,"This is a methodological/computational paper about automated reasoning and benchmark problems in economics, not an empirical study of causal effects of government policies on financial markets or firms."
w24613,The ECB's Fiscal Policy,2018,False,high,"This paper describes the ECB's policy actions and their role in managing the euro crisis, but does not estimate causal effects of specific government laws, regulations, or policies on financial markets, firms, or investors."
w24615,Judicial Politics and Sentencing Decisions,2018,False,high,"This paper studies judicial behavior and sentencing outcomes, not the causal effect of a specific government law, regulation, or public policy on financial markets, firms, or investors."
w24645,The Critical Role of Markets in Climate Change Adaptation,2018,False,high,"This is a theoretical synthesis paper about market mechanisms in climate adaptation that describes policies (National Flood Insurance Program, wildfire response) without empirically testing their causal effects on financial outcomes."
w24681,A Theory of Equality Before the Law,2018,False,high,"This is a purely theoretical paper proposing an abstract model of legal institutions with no empirical test of any specific government policy's causal effect on financial markets, firms, or investors."
w24683,Self-Fulfilling Debt Dilution: Maturity and Multiplicity in Debt Models,2018,False,high,"This is a purely theoretical paper using the Eaton-Gersovitz model to analyze equilibrium multiplicity in sovereign debt without empirically testing the causal effect of any specific government law, regulation, or public policy."
w24712,Variable Pricing and the Cost of Renewable Energy,2018,False,high,"This paper is a theoretical and modeling study of pricing mechanisms in renewable energy systems without empirically evaluating the causal effect of a specific government law, regulation, or public policy."
w24751,Banks as Potentially Crooked Secret-Keepers,2018,False,high,This is a purely theoretical paper modeling banking crises through malfeasance dynamics without empirical estimation of a specific government policy's causal effect on financial markets.
w24817,Currency Wars? Unconventional Monetary Policy Does Not Stimulate Exports,2018,False,high,"The paper studies the causal effect of unconventional monetary policy (a central bank instrument) on trade flows rather than on financial markets, firms, or investors, which falls outside the scope of government intervention effects on finance."
w24822,Does When You Die Depend on Where You Live? Evidence from Hurricane Katrina,2018,False,high,"This paper studies the causal effects of natural disaster displacement and geographic location on mortality, not the causal effect of a specific government law, regulation, or public policy on financial markets, firms, or investors."
w24847,When It Rains It Pours: The Long-run Economic Impacts of Salt Iodization in the United States,2018,False,high,"This paper studies the health and economic effects of a public health intervention (salt iodization) on individual cognitive and labor outcomes, not the causal effect of government policy on financial markets, firms, or investors."
w24892,Changes in Household Diet: Determinants and Predictability,2018,False,high,"This paper studies household dietary behavior and its determinants, with no focus on estimating the causal effect of any government law, regulation, or public policy."
w24960,Mismatch and Assimilation,2018,False,high,"This is a purely theoretical paper developing a growth model with no empirical test of any specific government law, regulation, or public policy's causal effect."
w24970,Hazed and Confused: The Effect of Air Pollution on Dementia,2018,False,high,"The primary research question concerns the causal effect of air pollution on individual health outcomes (dementia), not the causal effect of government policy on financial markets, firms, or investors."
w24979,Rising Government Debt: Causes and Solutions for a Decades-Old Trend,2018,False,high,"This paper is primarily theoretical and normative, discussing causes of government debt trends and proposing design features for fiscal rules rather than empirically estimating the causal effect of a specific implemented government policy on financial markets, firms, or investors."
w24980,Setting with the Sun: The Impacts of Renewable Energy on Wholesale Power Markets,2018,True,high,"The paper estimates the causal effects of renewable energy policies on wholesale electricity prices and market structure, which is a specific government intervention affecting financial markets (electricity markets)."
w24988,Labor Market Search With Imperfect Information and Learning,2018,False,high,"The paper is primarily a theoretical and empirical study of labor market search and learning mechanisms, with only incidental mention of unemployment benefits as a hypothetical policy context for model predictions, rather than estimating the causal effect of a specific government policy."
w25003,Transitions From Career Employment Among Public- and Private-Sector Workers,2018,False,high,"The paper studies retirement behavior differences between public and private sector workers but does not estimate the causal effect of a specific government law, regulation, or policy on financial markets, firms, or investors."
w25035,Do Equal Employment Opportunity Statements Backfire? Evidence From A Natural Field Experiment On Job-Entry Decisions,2018,False,high,"The paper studies labor market behavior and job application decisions rather than financial markets, firms, or investors, placing it outside the scope of finance research on government intervention."
w25096,Heterogeneous Beliefs and School Choice Mechanisms,2018,False,high,"The paper's primary focus is on school choice mechanisms and household behavior under different belief conditions, not on estimating the causal effect of a specific government law, regulation, or public policy on financial markets, firms, or investors."
w25100,Deterring Illegal Entry: Migrant Sanctions and Recidivism in Border Apprehensions,2018,False,high,"This paper studies the causal effect of border enforcement sanctions on migrant behavior and recidivism, not on financial markets, firms, or investors, which falls outside the scope of finance research on government intervention."
w25149,Beyond the Balance Sheet Model of Banking: Implications for Bank Regulation and Monetary Policy,2018,True,high,"The paper's primary research question examines the causal effects of specific government regulations (capital requirements, GSE policies, regulatory thresholds) on financial markets and lending behavior through structural estimation and counterfactual policy analysis."
w25159,"Banking on the Boom, Tripped by the Bust: Banks and the World War I Agricultural Price Shock",2018,True,high,The paper's primary research question examines the causal effects of specific government regulations (deposit insurance and minimum capital requirements) on bank behavior and financial outcomes during a historical shock.
w25182,Minimum Wage Increases and Individual Employment Trajectories,2018,True,high,"The paper's primary research question is the causal effect of Seattle's minimum wage ordinance (a specific government policy) on employment outcomes and earnings for workers, estimated through empirical analysis."
w25185,U.S. Monetary Policy and Emerging Market Credit Cycles,2018,False,high,"The paper studies the causal effect of U.S. monetary policy (a central bank communication/stance variable) on credit cycles, but lacks a specific government law, regulation, or public policy instrument as the primary policy variable, making it outside the scope of government intervention research."
w25202,Moving Beyond the Valley of Death: Regulation and Venture Capital Investments in Early-Stage Biopharmaceutical Firms,2018,True,high,"The paper's PRIMARY research question is the causal effect of the European Orphan Drug Act (a specific government regulation) on venture capital investment decisions in early-stage biopharmaceutical firms, using a clear policy change as identification."
w25203,What are the Consequences of Global Banking for the International Transmission of Shocks? A Quantitative Analysis,2018,True,high,"The paper's primary research question is the causal effect of specific government regulatory policies (capital requirements, branching vs. subsidiarization rules, monetary policy) on financial markets and banking sector lending through counterfactual analysis."
w25305,"Testing, Stress, and Performance: How Students Respond Physiologically to High-Stakes Testing",2018,False,high,"This paper studies how students physiologically respond to high-stakes testing and its effect on academic performance, not the causal effect of a government policy on financial markets, firms, or investors."
w25309,Policy Evolution under the Clean Air Act,2018,False,high,"This paper describes the evolution of Clean Air Act provisions and policy instruments over time without estimating the causal effects of specific regulations on financial markets, firms, or investors."
w25319,"Money Markets, Collateral and Monetary Policy",2018,True,high,The paper's primary research question evaluates the causal effect of a specific central bank monetary policy instrument (collateralized lending at controlled haircuts) on financial markets and the real economy during the crisis.
w25340,Monetary Independence and Rollover Crises,2018,False,high,"This is a theoretical model paper studying sovereign debt dynamics and monetary policy constraints, not the causal effect of a specific government law, regulation, or public policy on financial outcomes."
w25406,The Reversal Interest Rate,2018,False,high,"This is primarily a theoretical paper developing an economic concept about monetary policy transmission mechanisms, without empirical testing of specific causal effects of actual government policies or regulations on financial outcomes."
w25517,Endogenous Trade Protection and Exchange Rate Adjustment,2019,False,high,"The paper is primarily theoretical (New Keynesian macro model) exploring the relationship between exchange rates and endogenous tariff-setting; while it includes some empirical SVAR estimation, the main research question concerns how exchange rate regimes affect governments' strategic incentives to impose tariffs rather than estimating the causal effect of a specific enacted government policy on financial markets, firms, or investors."
w25536,Narratives about Technology-Induced Job Degradations Then and Now,2019,False,high,"This paper studies narratives about technology-induced job degradation rather than testing the causal effect of a specific government law, regulation, or policy on financial outcomes."
w25571,The Fiscal Multiplier,2019,False,high,"This is a purely theoretical paper using a heterogeneous-agent model to analyze fiscal multipliers without empirical testing of any specific government law, regulation, or policy intervention."
w25585,"Digital Abundance and Scarce Genius: Implications for Wages, Interest Rates, and Growth",2019,False,high,"This is a purely theoretical macroeconomic paper examining the implications of digital technology on wages and growth without empirically testing the causal effect of any specific government law, regulation, or policy."
w25595,On the Economics of Science Parks,2019,False,high,"This is a purely theoretical paper developing a spatial equilibrium model to explain conditions for science park formation in equilibrium, without empirical testing of any specific government policy or its causal effects."
w25705,Labor Market Shocks and the Demand for Trade Protection: Evidence from Online Surveys,2019,False,high,"This paper studies preferences for government intervention through surveys rather than estimating the causal effect of an actual government policy on financial markets, firms, or investors."
w25790,After the Panic: Are Financial Crises Demand or Supply Shocks? Evidence from International Trade,2019,False,high,"The paper's primary research question concerns the macroeconomic nature of financial crises (demand vs. supply shocks) using trade data, not the causal effect of a specific government law, regulation, or public policy on financial markets or firms."
w25838,Rationalizing Trading Frequency and Returns: Maybe Trading is Good for You,2019,False,high,"This paper's primary research question concerns household trading behavior and portfolio returns driven by rational optimization and adjustment costs, with no specific government law, regulation, or public policy as the causal variable of interest."
w25869,Understanding Weak Capital Investment: the Role of Market Concentration and Intangibles,2019,False,high,"This paper is primarily descriptive of economic trends (intangible capital, market concentration) without testing the causal effect of a specific government law, regulation, or policy on financial outcomes."
w25900,The Macroeconomics of the Greek Depression,2019,False,high,"This paper studies macroeconomic outcomes during a depression using a general equilibrium model rather than estimating the causal effect of a specific government law or regulation on financial markets, firms, or investors."
w25934,"The Currency Composition of International Reserves, Demand for International Reserves, and Global Safe Assets",2019,False,high,This paper describes and analyzes determinants of international reserves currency composition without testing the causal effect of a specific government policy intervention on financial markets or firm behavior.
w25972,"Who Provides Liquidity, and When?",2019,False,high,This is a purely theoretical paper modeling competition between trader types with no empirical test of a specific government policy's causal effect on markets.
w26049,The Transmission of Shocks in Endogenous Financial Networks: A Structural Approach,2019,True,high,"The paper's primary research question is estimating the causal effect of a specific government policy (ECB quantitative easing) on financial markets and institutions, with empirical analysis of asset prices, bank balance sheets, and systemic risk."
w26067,The Four Equation New Keynesian Model,2019,False,high,This is a purely theoretical paper developing a New Keynesian model with no empirical test of a specific government policy's causal effect on financial outcomes.
w26098,"Federal Reserve Structure, Economic Ideas, and Monetary and Financial Policy",2019,False,high,"This paper is primarily theoretical and descriptive, documenting how the Federal Reserve's institutional structure generates and processes ideas about monetary policy, rather than empirically estimating the causal effect of a specific government policy on financial markets, firms, or investors."
w26103,The Demand for Insurance and Rationale for a Mandate: Evidence from Workers’ Compensation Insurance,2019,False,high,The paper's primary research question is the demand for insurance (price elasticity) rather than the causal effect of a specific government mandate/regulation on financial outcomes; it uses a voluntary system to estimate demand and then theoretically analyzes potential rationales for mandates without empirically testing the effect of an actual mandate.
w26110,"Credit Building or Credit Crumbling? A Credit Builder Loan’s Effects on Consumer Behavior, Credit Scores and Their Predictive Power",2019,False,high,"The paper studies the effects of a private financial product (credit builder loan) on consumer behavior and credit scores, not the causal effect of a government law, regulation, or public policy."
w26144,A Unified Welfare Analysis of Government Policies,2019,False,high,"This paper uses existing causal estimates to conduct a comparative welfare analysis of diverse policies across multiple domains rather than estimating the causal effect of a specific government policy on financial markets, firms, or investors."
w26145,Medicaid Coverage across the Income Distribution under the Affordable Care Act,2019,False,high,"The primary research question concerns Medicaid enrollment trends in health insurance coverage, not the causal effect of government policy on financial markets, firms, or investors."
w26155,Deadlock on the Board,2019,False,high,"This is a purely theoretical paper developing a dynamic model of board decision-making without empirically testing the causal effect of any specific government law, regulation, or public policy."
w26190,The Short Term Impact of a Productive Asset Transfer in Families with Child Labor: Experimental Evidence from the Philippines,2019,False,high,"This paper studies the causal effect of a productive asset transfer program on household labor and child welfare, not on financial markets, firms, or investors."
w26266,Trade and Firm Financing,2019,False,high,"The paper studies how financial frictions affect firm financing and export decisions, but does not have a causal policy research question—it does not estimate the effect of a specific government law, regulation, or public policy on financial markets or firms."
w26366,Rule of Law and Female Entrepreneurship,2019,False,high,"The paper studies how rule of law and institutional quality affect female entrepreneurship decisions, but does not analyze the causal effect of a specific government law, regulation, or public policy on financial markets, firms, or investors."
w26376,The Effect of Course Shutouts on Community College Students: Evidence from Waitlist Cutoffs,2019,False,high,"This paper studies the effect of course availability (a college operational constraint) on student outcomes, not the causal effect of a specific government law, regulation, or public policy on financial markets, firms, or investors."
w26403,Spending Reductions in the Medicare Shared Savings Program: Selection or Savings?,2019,True,high,The paper's PRIMARY research question is estimating the causal effect of a specific government policy (Medicare Shared Savings Program) on financial outcomes (spending/savings) for healthcare providers and Medicare.
w26438,How Do NYPD Officers Respond to Terror Threats?,2019,False,high,"The paper studies the behavioral response of police officers to terror threat alerts, not the causal effect of government policy on financial markets, firms, or investors."
w26516,Subjective Parental Beliefs: Their Measurement and Role,2019,False,high,"This paper studies parental beliefs and investments in child development within a social program context, but its primary research question concerns the relationship between subjective beliefs and parental behavior, not the causal effect of a government policy on financial markets, firms, or investors."
w26573,The Local Residential Land Use Regulatory Environment Across U.S. Housing Markets: Evidence from a New Wharton Index,2019,False,high,"The paper describes regulatory regimes across housing markets but does not estimate the causal effect of specific government policies on financial markets, firms, or investors."
w26581,The Impact of Intranational Trade Barriers on Exports: Evidence from a Nationwide VAT Rebate Reform in China,2019,True,high,"The paper's primary research question is the causal effect of a specific government policy (China's VAT rebate reform) on financial/economic outcomes (exports and exporting firms), tested empirically using a natural experiment approach."
w26615,Credit Rationing and Pass-Through in Supply Chains: Theory and Evidence from Bangladesh,2020,True,high,"The paper's primary research question is the causal effect of a specific government regulation (banning financing intermediaries in Bangladesh's edible oils supply chain) on financial markets and firms, tested through difference-in-difference estimation."
w26655,Effects of Fiscal Policy on Credit Markets,2020,True,high,The paper's primary research question is the causal effect of a specific government policy (federal government spending/fiscal stimulus) on financial markets (credit markets and interest rates).
w26710,Countercyclical Capital Buffers: A Cautionary Tale,2020,True,high,"The paper's primary research question is the causal effect of countercyclical capital buffer regulations on bank behavior and financial stability, estimated through historical comparison of regulatory regimes before the Great Depression and Great Recession."
w26787,Does Student Loan Forgiveness Drive Disability Application?,2020,False,high,"The primary research question concerns the causal effect of student loan forgiveness policy on disability application behavior, which is a social policy outcome rather than a causal effect on financial markets, firms, or investors."
w26862,Fiscal Federalism and the Budget Impacts of the Affordable Care Act's Medicaid Expansion,2020,False,high,"The paper studies the budgetary impacts of Medicaid expansion on state government finances rather than the causal effects of a policy on financial markets, firms, or investors."
w26875,Same-Sex Couples and the Marital Surplus: The Importance of the Legal Environment,2020,False,high,"The paper studies the effect of same-sex marriage legalization on couples' income and home ownership, which is a social/demographic outcome rather than the causal effect on financial markets, firms, or investors as required for scope."
w26903,Which Banks are (Over) Levered? Insights from Shadow Banks and Uninsured Leverage,2020,False,high,"The paper's primary research question is about explaining banks' capital structure choices through comparison with shadow banks, not about estimating the causal effect of a specific government policy on financial markets or firms."
w26918,Macroeconomic Implications of COVID-19: Can Negative Supply Shocks Cause Demand Shortages?,2020,False,high,"This is a purely theoretical paper that models macroeconomic mechanisms without empirically testing the causal effect of any specific government law, regulation, or policy."
w26969,Understanding “Wage Theft”: Evasion and Avoidance Responses to Minimum Wage Increases,2020,False,high,"The primary research question concerns labor market effects and employer compliance behavior in response to minimum wage policy, not causal effects on financial markets, firms' financial outcomes, or investor behavior."
w26977,News that Takes Your Breath Away: Risk Perceptions During an Outbreak of Vaping-related Lung Injuries,2020,False,high,"The paper studies how information shocks affect consumer risk perceptions rather than estimating the causal effect of a specific government policy on financial markets, firms, or investors."
w26981,A Simple Planning Problem for COVID-19 Lockdown,2020,False,high,"This is a purely theoretical paper using stylized economic models (SIR and linear economy) to derive optimal lockdown policy without empirical testing of actual government policy effects on financial markets, firms, or investors."
w27009,Covid-19 Infection Externalities: Trading Off Lives vs. Livelihoods,2020,False,high,"This is a purely theoretical paper using an SIR model to analyze disease externalities and optimal policy design, without empirically testing the causal effect of any actual government law, regulation, or specific implemented policy."
w27047,Macroeconomic Dynamics and Reallocation in an Epidemic: Evaluating the “Swedish Solution”,2020,False,high,This is a theoretical epidemiological-macroeconomic model paper that does not empirically estimate the causal effect of a specific government policy on financial outcomes; it evaluates a counterfactual scenario ('Swedish solution') through simulation rather than testing actual policy impacts.
w27112,Monetary and Fiscal Policies in Times of Large Debt: Unity is Strength,2020,False,high,"This is a purely theoretical paper using a model to study hypothetical coordinated fiscal-monetary policy without empirically testing the causal effect of any specific enacted government law, regulation, or policy."
w27116,The Fiscal Theory of Price Level with a Bubble,2020,False,high,This is a purely theoretical paper developing a macroeconomic model without empirical testing of any specific government policy's causal effect on financial markets or firms.
w27128,"Estimating and Simulating a SIRD Model of COVID-19 for Many Countries, States, and Cities",2020,False,high,"This is an epidemiological modeling paper focused on disease transmission dynamics rather than estimating the causal effect of specific government policies on financial markets, firms, or investors."
w27135,Expected Health Effects of Reduced Air Pollution from COVID-19 Social Distancing,2020,False,high,"The paper's primary research question concerns the health and environmental effects of COVID-19 social distancing behaviors, not the causal effect of a specific government policy on financial markets, firms, or investors."
w27186,Confidence Management in Tournaments,2020,False,high,"This is a purely theoretical paper studying internal firm incentive mechanisms and information disclosure without empirical testing or evaluation of any specific government law, regulation, or public policy."
w27233,Three Myths about Federal Regulation,2020,False,high,"This paper describes and characterizes federal regulations without estimating the causal effect of specific policies on financial markets, firms, or investors."
w27242,Sufficient Statistics Revisited,2020,False,high,"This is a purely theoretical paper reviewing methodological approaches to policy evaluation without conducting empirical tests of specific government policies' causal effects on financial markets, firms, or investors."
w27244,Reopening Scenarios,2020,False,high,This is a theoretical epidemiological-economic modeling paper that simulates hypothetical reopening scenarios rather than empirically estimating the causal effect of an actual implemented government policy on financial outcomes.
w27256,Banks as Lenders of First Resort: Evidence from the COVID-19 Crisis,2020,True,high,The paper's primary research question examines the causal effect of Federal Reserve liquidity injection programs (a specific government policy instrument) on bank lending and firms' ability to draw credit during the COVID-19 crisis.
w27258,Bank Market Power and Monetary Policy Transmission: Evidence from a Structural Estimation,2020,False,high,"The paper's primary research question concerns how bank market power (a private firm characteristic) affects monetary policy transmission, not the causal effect of a specific government policy on financial outcomes."
w27277,Divided We Stay Home: Social Distancing and Ethnic Diversity,2020,False,high,"The paper studies voluntary social distancing behavior and its relationship to ethnic diversity, not the causal effect of a specific government law, regulation, or public policy on financial markets, firms, or investors."
w27320,Civic Capital and Social Distancing during the Covid-19 Pandemic,2020,False,high,"The paper studies how civic capital affects voluntary compliance with government guidelines, but does not estimate the causal effect of a specific government law, regulation, or policy on financial markets, firms, or investors."
w27343,Coping with Disasters: Two Centuries of International Official Lending,2020,False,high,This paper describes historical patterns and motivations of official lending rather than estimating the causal effect of a specific government policy on financial markets or firms.
w27360,EMEs and COVID-19: Shutting Down in a World of Informal and Tiny Firms,2020,False,high,"This paper analyzes the economic effects of COVID-19 lockdowns on employment and income in emerging economies but does not estimate the causal effect of a specific government law, regulation, or public policy—it describes economic impacts and employment distribution without evaluating a particular policy intervention."
w27369,Incorporating Scenario Analysis into the Federal Reserve’s Policy Strategy and Communications,2020,False,high,"This is a theoretical paper on Federal Reserve communication strategy and scenario analysis without empirical testing of causal effects of specific policies on financial markets, firms, or investors."
w27387,Coronavirus: Impact on Stock Prices and Growth Expectations,2020,False,high,"The paper studies how investors' growth expectations respond to the coronavirus outbreak and policy responses, but does not estimate the causal effect of a specific government law, regulation, or policy on financial markets—instead it descriptively measures market responses and develops a model of crisis dynamics."
w27431,The Economic Impacts of COVID-19: Evidence from a New Public Database Built Using Private Sector Data,2020,True,high,The paper's primary research question evaluates the causal effect of specific government fiscal stimulus policies (cash payments) on consumer spending and employment outcomes during COVID-19.
w27471,The Hidden Costs of Strategic Opacity,2020,False,high,This is a purely theoretical paper with no empirical test of a specific government policy's causal effect; it only speculates about implications of bailouts and securitization without estimating their actual impacts.
w27505,Natural Disasters and Elective Medical Services: How Big is the Bounce-Back?,2020,False,high,"The paper's primary research question is about natural disaster impacts on medical service provision, not the causal effect of a specific government policy on financial outcomes."
w27596,"""Quick Response"" Economic Stimulus: The Effect of Small-Value Digital Coupons on Spending",2020,True,high,"The paper's primary research question is the causal effect of a specific government policy (digital coupon stimulus program) on consumer spending and financial behavior, empirically tested using quasi-experimental variation."
w27606,Challenges of Change: An Experiment Promoting Women to Managerial Roles in the Bangladeshi Garment Sector,2020,False,high,"This paper studies the causal effect of randomly assigning women to managerial roles in private firms, not the causal effect of a specific government law, regulation, or public policy on financial markets, firms, or investors."
w27615,A Quantity-Driven Theory of Term Premia and Exchange Rates,2020,False,high,"This is primarily a theoretical paper developing a model of term premia and exchange rates; while it mentions central bank quantitative easing, the paper does not estimate the causal effect of a specific government policy on financial outcomes."
w27697,Peak China Housing,2020,False,high,This paper analyzes housing market dynamics and supply-demand imbalances in China without testing the causal effect of a specific government policy or regulation.
w27716,Openness to Trade and the Spread of Industrialization: Evidence from Canada during the First Era of Globalization,2020,False,high,"The paper's primary research question concerns the causal effect of international trade exposure on industrialization, not the causal effect of a specific government law, regulation, or public policy on financial markets, firms, or investors."
w27729,Income and Poverty in the COVID-19 Pandemic,2020,False,high,"The paper describes the effects of government assistance programs on income and poverty but does not estimate the causal effect of a specific government law or regulation on financial markets, firms, or investors."
w27733,Payments Crises and Consequences,2020,True,high,"The paper's primary research question is the causal effect of government payment suspension policies (and implicitly, policies preventing such suspensions) on macroeconomic outcomes, estimated through empirical analysis of natural policy variations."
w27770,Clearing the Bar: Improving Tax Compliance for Small Firms through Target Setting,2020,True,high,The paper's primary research question is estimating the causal effect of a specific government tax compliance policy (the self-assessment program with target profit margins) on firm behavior and tax reporting.
w27790,Clean Air as an Experience Good in Urban China,2020,False,high,"The paper primarily examines how residents' experience of improved air quality shifts demand for environmental regulation, rather than estimating the causal effect of a specific government policy on financial markets, firms, or investors."
w27815,Liquidity Transformation and Fragility in the US Banking Sector,2020,False,high,"The paper's primary focus is understanding the causal relationship between banks' liquidity transformation practices and deposit fragility, with deposit insurance examined only as a secondary exploratory element rather than as the main policy intervention being evaluated."
w27885,"State Investment in Higher Education: Effects on Human Capital Formation, Student Debt, and Long-term Financial Outcomes of Students",2020,False,high,"The primary research question concerns the causal effect of state appropriations on human capital formation and student outcomes, not on financial markets, firms, or investors as specified in the scope definition."
w27922,The Rise of Income and Wealth Inequality in America: Evidence from Distributional Macroeconomic Accounts,2020,False,high,"This paper describes and measures inequality and tax progressivity but does not estimate the causal effect of a specific government policy on financial markets, firms, or investors."
w27932,Did COVID-19 Market Disruptions Disrupt Food Security? Evidence from Households in Rural Liberia and Malawi,2020,False,high,"The paper studies the causal effect of COVID-19 market disruptions and a cash transfer experiment on household food security, not the causal effect of a specific government law, regulation, or public policy on financial markets, firms, or investors."
w27935,A Q-Theory of Banks,2020,True,high,The paper's primary research question examines the causal effects of regulatory capital requirements and accounting rules (specific government policies) on bank leverage dynamics and financial stability.
w27944,Temptation and Commitment: A Model of Hand-to-Mouth Behavior,2020,False,high,"This is primarily a theoretical paper developing a consumption behavior model; while it mentions fiscal stimulus implications, it does not estimate the causal effect of a specific government policy through empirical analysis."
w28029,The Market Risk Premium for Unsecured Consumer Credit Risk,2020,True,high,The paper's primary research question is the causal effect of regulatory capital requirement changes on credit card securitization pricing and consumer credit costs.
w28054,"Price Ceiling, Market Structure, and Payout Policies",2020,False,high,"The 2016 Tick Size Pilot is a stock exchange rule (not a specific government law/regulation), and while market structure reforms are discussed, the paper's primary focus is on firm payout behavior responding to market microstructure rather than estimating causal effects of a specific government policy intervention."
w28097,How New Fed Corporate Bond Programs Dampened the Financial Accelerator in the Covid-19 Recession,2020,True,high,"The paper's primary research question is the causal effect of a specific government policy (Fed corporate bond purchase programs) on financial markets (bond spreads, external finance premia, and macroeconomic outcomes), with empirical testing across multiple recession periods."
w28106,The Comparative Impact of Cash Transfers and a Psychotherapy Program on Psychological and Economic Well-being,2020,False,high,"The primary research question concerns the causal effects of cash transfers and psychotherapy on individual well-being in a developing country context, not the causal effect of government laws, regulations, or policies on financial markets, firms, or investors."
w28123,Foreign Shocks as Granular Fluctuations,2020,False,high,"The paper studies the transmission of foreign business cycle shocks through firm heterogeneity and international trade, not the causal effect of a specific government law, regulation, or public policy on financial markets or firms."
w28125,The Stability and Predictive Power of Financial Literacy: Evidence from Longitudinal Data,2020,False,high,"This paper studies the causal effect of financial literacy on financial outcomes, not the causal effect of a specific government law, regulation, or public policy on financial markets or firms."
w28149,Production Networks and International Fiscal Spillovers,2020,False,high,"This is a purely theoretical paper analyzing fiscal policy effects through a dynamic general equilibrium model without empirical estimation of causal effects on financial markets, firms, or investors."
w28220,Maternal Mortality Risk and Spousal Differences in the Demand for Children,2020,False,high,"This paper studies intra-household fertility decisions and spousal communication about maternal health, not the causal effect of a government law, regulation, or public policy on financial markets, firms, or investors."
w28244,Estimating the Price Elasticity of Demand for Subways: Evidence from Mexico,2020,False,high,"The paper studies the causal effect of subway fare policy on transit ridership demand, not on financial markets, firms, or investors as required by the scope definition."
w28366,Fiscal Multipliers: A Heterogenous-Agent Perspective,2021,False,high,This is a purely theoretical paper using a heterogeneous-agent HANK model to analyze fiscal multipliers without empirical testing of any specific government policy or law.
w28378,Contracting in Peer Networks,2021,False,high,"This is a theoretical paper on optimal contracting in peer networks with no empirical test of a specific government policy's causal effect; while it mentions wage transparency and disclosure requirements at the end, these are not the primary research question but rather secondary considerations in a theoretical model."
w28381,The Impact of Regulation on Innovation,2021,False,high,"The paper's primary research question concerns the causal effect of labor regulations on firm innovation and R&D behavior, not on financial markets, firms' financial outcomes, or investor behavior."
w28466,The Economic Geography of Global Warming,2021,False,high,"This is a purely theoretical paper using a dynamic economic model to assess climate change impacts; it does not empirically test the causal effect of any specific government law, regulation, or public policy on financial markets, firms, or investors."
w28480,Cross-sectoral Externalities Related to Natural Resources and Ecosystem Services,2021,False,high,"This is a theoretical institutional analysis of natural resource management approaches without empirical estimation of causal effects of specific government policies on financial markets, firms, or investors."
w28517,The Distribution of School Spending Impacts,2021,False,high,"This paper studies the causal effects of government K-12 school spending on student educational outcomes, not on financial markets, firms, or investors as required by the scope definition."
w28559,Why Did Bank Stocks Crash During COVID-19?,2021,False,high,"The paper's primary focus is explaining bank stock price movements through credit-line dynamics during COVID-19, not the causal effect of a specific government policy on financial outcomes."
w28598,Sovereign Debt in the 21st Century,2021,False,high,"This is a survey paper describing sovereign debt market characteristics and historical crises without empirically testing the causal effect of a specific government law, regulation, or policy on financial markets."
w28622,Body-Worn Cameras in Policing: Benefits and Costs,2021,False,high,"This paper studies the effects of body-worn cameras in policing on policing outcomes, not the causal effect of government law, regulation, or public policy on financial markets, firms, or investors."
w28641,Food vs. Food Stamps: Evidence from an At-Scale Experiment in Indonesia,2021,False,high,"The paper studies the causal effect of a food assistance policy on household poverty and consumption, but this is development/welfare economics research rather than research on financial markets, firms, or investors."
w28647,The Public Health Effects of Legalizing Marijuana,2021,False,high,"This paper studies public health outcomes (youth marijuana use, alcohol consumption, opioid abuse, traffic fatalities, crime) rather than causal effects on financial markets, firms, or investors."
w28659,The Welfare Effect of a Consumer Subsidy with Price Ceilings: The Case of Chinese Cell Phones,2021,True,high,"The paper's primary research question is the causal effect of a government consumer subsidy program (with price ceiling eligibility requirements) on prices, consumer welfare, and market outcomes in the Chinese cell phone market."
w28762,Adverse Selection in Medicaid: Evidence from Discontinuous Program Rules,2021,False,high,"The paper's primary research question concerns adverse selection behavior in health insurance enrollment, not the causal effect of government policy on financial markets, firms, or investors."
w28803,Experiences and Coping Strategies of College Students During the COVID-19 Pandemic,2021,False,high,"This paper studies college student coping strategies and well-being during COVID-19, not the causal effect of a specific government law or policy on financial markets, firms, or investors."
w28843,How Resilient Is Mortgage Credit Supply? Evidence from the COVID-19 Pandemic,2021,False,high,"The paper's primary research question concerns mortgage credit supply resilience and market functioning during COVID-19, not the causal effect of a specific government intervention on financial markets, despite mentioning government guarantees and QE as secondary findings."
w28852,Beyond Health: Non-Health Risk and the Value of Disability Insurance,2021,True,high,The paper's primary research question is estimating the causal effect of U.S. disability insurance programs (a specific government policy) on recipient welfare and financial security.
w28878,Platform as a Rule-Maker: Evidence from Airbnb's Cancellation Policies,2021,False,high,"The paper studies private platform rules (Airbnb's internal cancellation policies) rather than the causal effect of a specific government law, regulation, or public policy on financial markets, firms, or investors."
w28897,Delay the Pension Age or Adjust the Pension Benefit? Implications for Labor Supply and Individual Welfare in China,2021,False,high,"This paper is primarily theoretical/computational modeling of pension policy effects on labor supply and welfare rather than empirical estimation of a causal effect of an actual implemented government policy on financial markets, firms, or investors."
w28908,"Competition Laws, Governance, and Firm Value",2021,True,high,The paper's primary research question examines the causal effect of strengthened antitrust/competition laws on firm valuations using firm-level data across countries.
w28921,What Does Codetermination Do?,2021,False,high,"This paper studies the causal effects of codetermination laws on worker and firm outcomes (wages, productivity, job stability, industrial relations), not on financial markets, firms' financial behavior, or investor outcomes."
w28924,The Psychosocial Value of Employment,2021,False,high,"This paper is a psychology/labor economics study of employment's psychosocial effects using a field experiment, not a causal analysis of a specific government law, regulation, or public policy intervention on financial markets, firms, or investors."
w28962,Impacts of the Clean Air Act on the Power Sector from 1938-1994: Anticipation and Adaptation,2021,True,high,The paper's primary research question is estimating the causal effect of the Clean Air Act (a specific government regulation) on power plant productivity and firm behavior using a difference-in-differences empirical approach.
w29006,"Epidemic Exposure, Fintech Adoption, and the Digital Divide",2021,False,high,"The paper studies how epidemic exposure affects individual fintech adoption behavior and financial technology usage patterns, but does not estimate the causal effect of a specific government law, regulation, or public policy on financial markets, firms, or investors."
w29030,The Evolution from Life Insurance to Financial Engineering,2021,False,high,The paper primarily describes the evolution of life insurance products and financial engineering practices rather than empirically testing the causal effect of a specific government policy on financial outcomes.
w29031,Career Effects of Mental Health,2021,False,high,"The primary research question concerns the causal effect of mental health treatment (lithium approval) on individual career outcomes, not the causal effect of government policy/regulation on financial markets, firms, or investors."
w29086,Money or Power? Financial Infrastructure and Optimal Policy,2021,True,high,"The paper's primary research question concerns the causal effect of government cash transfer and in-kind transfer policies on household welfare outcomes, with empirical testing through randomized experiments in Kenya and Ghana."
w29106,Why do Bank Boards have Risk Committees?,2021,True,high,"The paper's primary research question examines the causal effect of the Dodd-Frank Act's mandatory risk committee requirement on bank outcomes and behavior, with empirical testing of whether the policy actually reduces bank risk."
w29112,Consistent Evidence on Duration Dependence of Price Changes,2021,False,high,"This is primarily a methodological paper developing econometric estimators for duration models, with empirical application to price-setting behavior in retail data; it does not test the causal effect of a specific government policy on markets."
w29128,The Treasury Market in Spring 2020 and the Response of the Federal Reserve,2021,True,high,The paper's primary research question is the causal effect of the Federal Reserve's Treasury quantitative easing policy (a specific government monetary policy instrument) on financial markets (Treasury yields).
w29129,Can Monetary Policy Create Fiscal Capacity?,2021,False,high,"This is a purely theoretical paper using a New Keynesian model to study monetary and fiscal policy mechanics without empirical testing of causal effects of specific policies on financial markets, firms, or investors."
w29161,"Demographics, Wealth, and Global Imbalances in the Twenty-First Century",2021,False,high,"This is a purely theoretical paper using demographic forecasts and overlapping generations models to study general equilibrium effects of population aging on wealth and returns, with no empirical test of a specific government law, regulation, or public policy."
w29219,The Effects of Going Public on Firm Performance and Commercialization Strategy: Evidence from International IPOs,2021,False,high,"The paper studies the effects of going public (a firm decision) on firm outcomes, not the causal effect of a specific government law, regulation, or public policy on financial markets or firms."
w29220,Simulating Endogenous Global Automation,2021,False,high,"This is a theoretical CGE modeling paper examining the macroeconomic effects of technological change; while it discusses policy responses like technology mandates and UBI, the primary research question is about automation's global consequences, not the causal effect of a specific existing government law or regulation on financial markets, firms, or investors."
w29241,"The Great Divide: Education, Despair and Death",2021,False,high,"This paper examines mortality trends and social outcomes by education level rather than testing the causal effect of a specific government law, regulation, or public policy on financial markets, firms, or investors."
w29257,Empirical Models of Demand and Supply in Differentiated Products Industries,2021,False,high,This is a methodological chapter on empirical modeling of demand and supply in differentiated products industries with no focus on government policy effects.
w29308,Why Does Education Increase Voting? Evidence from Boston’s Charter Schools,2021,False,high,"The paper's primary research question concerns the causal effect of charter school attendance on educational and civic outcomes, not the causal effect of a government law, regulation, or public policy on financial markets, firms, or investors."
w29339,The Economics of the COVID-19 Pandemic in Poor Countries,2021,False,high,"This is a broad survey paper on COVID-19's economic effects in poor countries that reviews multiple policy responses without having a primary research question focused on the causal effect of a specific government policy on financial markets, firms, or investors."
w29340,Why do people stay poor?,2021,False,high,"This paper studies the causal effect of an asset transfer program on household poverty and occupational choice, not the causal effect of a government law, regulation, or public policy on financial markets, firms, or investors."
w29343,Hysteresis in Unemployment: Evidence from OECD Estimates of the Natural Rate,2021,False,high,"This paper studies unemployment dynamics and natural rate hysteresis without examining the causal effect of a specific government policy or regulation on financial markets, firms, or investors."
w29356,A Taste of Their Own Medicine: Guideline Adherence and Access to Expertise,2021,False,high,"This paper studies medication adherence behavior and the role of medical expertise, not the causal effect of a government law, regulation, or public policy on financial markets, firms, or investors."
w29372,The Economics of Walking About and Predicting US Downturns,2021,False,high,"The paper's primary research question is about predicting recessions using consumer expectations indices and labor market indicators, not about estimating the causal effect of a specific government policy on financial markets, firms, or investors."
w29387,Telemigration and Development: On the Offshorability of Teleworkable Jobs,2021,False,high,"This paper is primarily about international trade in services and telemigration patterns rather than the causal effect of a specific government policy on financial markets, firms, or investors."
w29407,Mental Health Therapy as a Core Strategy for Increasing Human Capital: Evidence from Ghana,2021,False,high,"This paper studies the causal effect of a therapeutic intervention (CBT) on individual human capital and economic outcomes, not the causal effect of a government law, regulation, or public policy on financial markets, firms, or investors."
w29410,CLO Performance,2021,False,high,"This paper studies CLO market performance and structure without examining the causal effect of a specific government law, regulation, or public policy on financial markets."
w29441,Macroprudential Policies and The Covid-19 Pandemic: Risks and Challenges For Emerging Markets,2021,True,high,"The paper's primary research question concerns the causal effects of macroprudential policies and regulatory forbearance on financial markets and emerging market economies during COVID-19, with empirical documentation of policy changes and their impacts."
w29470,Were Federal COVID Relief Funds for Schools Enough?,2021,False,high,This paper uses simulations to describe the distribution of federal COVID relief funds rather than empirically estimating the causal effect of the policy on any financial or economic outcome.
w29473,Optimal Bank Reserve Remuneration and Capital Control Policy,2021,False,high,"This is a purely theoretical paper that develops an open economy model with optimal policy implications but does not empirically test the causal effect of any specific implemented government law, regulation, or policy."
w29534,The Impact of Health and Education on Labor Force Participation in Aging Societies – Projections for the United States and Germany from a Dynamic Microsimulation,2021,False,high,"This paper focuses on labor force projections using microsimulation modeling and examines demographic and health/education factors, but does not have a primary research question about the causal effect of a specific government law, regulation, or public policy on financial markets, firms, or investors."
w29624,The Political Economy of Anti-Bribery Enforcement,2022,True,high,"The paper's primary research question examines the causal effect of FCPA enforcement (a specific government regulation and policy) on foreign firms' behavior and outcomes, including business reallocation and sales changes."
w29655,A New Era of Midnight Mergers: Antitrust Risk and Investor Disclosures,2022,True,high,"The paper's primary research question examines the causal effect of mandatory disclosure requirements (a specific government securities law) on corporate merger behavior and disclosures, using regression discontinuity design to estimate this policy effect."
w29779,"Gifted Children Programs’ Short and Long-Term Impact: Higher Education, Earnings, and the Knowledge Economy",2022,False,high,"The paper studies the effects of an educational program on student outcomes, not the causal effect of a government law, regulation, or public policy on financial markets, firms, or investors."
w29792,The Effects of the Emeryville Fair Workweek Ordinance on the Daily Lives of Low-Wage Workers and their Families,2022,False,high,"The primary research question concerns the effect of a local employment regulation on worker well-being and daily life outcomes, not on financial markets, firms' financial performance, or investor behavior."
w29796,Measuring Upward Mobility,2022,False,high,This is a purely theoretical paper developing a conceptual framework and measurement methodology for upward mobility with no empirical test of a specific government policy's causal effect.
w29798,Grandfathering with Anticipation,2022,False,high,"This is primarily a theoretical paper deriving optimal allocation mechanisms for cap-and-trade systems, with no empirical test of actual government policy effects on real markets or firms."
w29827,Stock Market Stimulus,2022,True,high,"The paper's primary research question is the causal effect of specific government fiscal stimulus policies (stimulus checks and direct payments) on stock market outcomes, which is a clear case of government intervention research."
w29857,Improving the Availability of Unrelated Stem Cell Donors: Evidence from a Major Donor Registry,2022,False,high,"This paper studies stem cell donor registry initiatives and their effect on donor availability, which is a health/medical policy issue unrelated to financial markets, firms, or investors."
w29901,Designing Stress Scenarios,2022,False,high,"This is a theoretical paper developing an optimal design framework for stress scenarios with application to banking stress tests, but it does not estimate the causal effect of a specific existing government policy or regulation on financial outcomes."
w29938,Independent Regulators and Financial Stability: Evidence from Gubernatorial Campaigns and a Progressive Era Policy Experiment,2022,True,high,The paper's primary research question examines the causal effect of a specific government policy (placing independent regulators under gubernatorial supervision during the Progressive Era) on financial market outcomes (bank failure rates and business bankruptcies).
w29947,Increasing the Demand for Workers with a Criminal Record,2022,False,high,"This paper's primary research question concerns employer hiring decisions and labor market behavior in response to policies, not the causal effect of government policy on financial markets, firms' financial outcomes, or investors."
w30008,Automatic Tax Filing: Simulating a Pre-Populated Form 1040,2022,False,high,"This paper simulates a hypothetical policy rather than evaluating the causal effect of an existing government law, regulation, or public policy on financial markets, firms, or investors."
w30034,The Secular Decline in Private Firm Leverage,2022,True,high,The paper's PRIMARY research question examines the CAUSAL EFFECT of bank capital requirements (a specific government regulation) on private firm leverage and investment.
w30051,"The Demand for Money, Near-Money, and Treasury Bonds",2022,False,high,"This paper studies the demand for and substitutability between different asset classes (bank money, shadow-bank money, Treasury bonds) rather than estimating the causal effect of a specific government policy on financial markets or behavior."
w30060,Real Effects of Supplying Safe Private Money,2022,True,high,"The paper's primary research question examines the causal effect of a specific government policy (1863 regulatory capital requirements for safe money supply) on financial markets and real economic outcomes (production, manufacturing, employment)."
w30069,Agricultural Crises and Government Responses Between the World Wars in the Atlantic Trading Network,2022,False,high,"This paper studies agricultural markets and government policy responses during the World Wars and Great Depression, but its primary focus is on agricultural sector outcomes rather than causal effects on financial markets, firms, or investors."
w30131,Financing Infrastructure in the Shadow of Expropriation,2022,False,high,This is a purely theoretical paper examining optimal financing structures under expropriation risk without empirical testing of specific government policies' causal effects on financial outcomes.
w30153,Climate Change and Downstream Water Quality in Agricultural Production: The Case of Nutrient Runoff to the Gulf of Mexico,2022,False,high,"This paper studies the effect of climate change on agricultural production and water quality, not the causal effect of a specific government law, regulation, or policy on financial markets, firms, or investors."
w30194,An Evaluation of a National Program to Reduce Student Absenteeism in High School,2022,False,high,"The paper studies the causal effect of an education policy on student behavior and academic outcomes, not on financial markets, firms, or investors."
w30206,How Did Federal Aid to States and Localities Affect Testing and Vaccine Delivery?,2022,False,high,"This paper studies the causal effect of federal fiscal aid on public health outcomes (COVID-19 testing and vaccine delivery), not on financial markets, firms, or investors."
w30226,Restoring Confidence in Troubled Financial Institutions After a Financial Crisis,2022,False,high,"The paper studies the causal effects of private bank owner actions (management changes, capital injections, asset write-offs) rather than a specific government law, regulation, or public policy on financial outcomes."
w30273,Digital Public Health Interventions at Scale: The Impact of Social Media Advertising on Beliefs and Outcomes Related to COVID Vaccines,2022,False,high,"This paper studies the causal effect of public health advertising campaigns on vaccination beliefs and outcomes, not the causal effect of a government law, regulation, or financial policy on financial markets, firms, or investors."
w30396,Top Wealth in America: A Reexamination,2022,False,high,"This paper is a methodological examination of wealth measurement techniques using existing data sources, not an empirical test of the causal effect of a specific government policy on financial markets or firms."
w30415,"Environmental Economics, Regulation, and Innovation",2022,False,high,"This is a theoretical primer and review paper that does not empirically test the causal effect of a specific government policy on financial markets, firms, or investors."
w30438,The Social Tax: Redistributive Pressure and Labor Supply,2022,False,high,"The paper's primary research question concerns how social redistribution pressure affects labor supply through a field experiment with private savings accounts, not the causal effect of a specific government law, regulation, or public policy."
w30446,Working from Home Around the World,2022,False,high,"The paper's primary research question concerns worker preferences and employer plans for work-from-home arrangements, not the causal effect of any specific government policy on financial markets, firms, or investors."
w30523,Are Immigrants more Left leaning than Natives?,2022,False,high,"This paper studies political preferences and voting behavior of immigrants versus natives, not the causal effect of a specific government law, regulation, or public policy on financial markets, firms, or investors."
w30556,The Future of Global Economic Power,2022,False,high,"This is a purely theoretical paper using an OLG model to project future economic trends; it does not empirically test the causal effect of any specific government law, regulation, or public policy on financial markets, firms, or investors."
w30572,Understanding Geographic Disparities in Mortality,2022,False,high,"This paper analyzes geographic disparities in mortality outcomes using observational data without examining the causal effect of any specific government law, regulation, or public policy."
w30727,A Fiscal Theory of Persistent Inflation,2022,False,high,This is a theoretical general equilibrium modeling paper that develops frameworks for understanding fiscal-monetary interactions rather than empirically testing the causal effect of a specific government policy on financial markets or firms.
w30787,Central Banks as Dollar Lenders of Last Resort: Implications for Regulation and Reserve Holdings,2022,False,high,"This is primarily a theoretical paper building a model to explore central bank behavior and optimal policy design, without empirically testing the causal effect of a specific government policy on financial markets or firms."
w30827,Reducing Bullying: Evidence from a Parental Involvement Program on Empathy Education,2023,False,high,"This paper studies the causal effect of an educational intervention on bullying and empathy in schools, not the causal effect of a government law, regulation, or public policy on financial markets, firms, or investors."
w30869,Connected Lending of Last Resort,2023,False,high,"While the paper analyzes a central bank's lending decisions during a crisis, it focuses on the political economy and governance of the lending institution itself rather than the causal effect of a specific government law, regulation, or public policy on financial markets or firms."
w30875,The Economics of Cities: From Theory to Data,2023,False,high,"This is a theoretical review paper on urban economic models that discusses policy impacts (taxation, transport infrastructure) only as illustrative examples, without empirical estimation of causal effects of specific government policies on financial markets or firms."
w30889,The Effects of Competition on Physician Prescribing,2023,False,high,"The primary research question concerns how competition affects physician prescribing behavior, not the causal effect of government policy on financial markets, firms, or investors; while the paper uses state law changes as an instrument, its main topic is healthcare provider behavior in a non-financial sector."
w30929,Crowding in Private Quality: The Equilibrium Effects of Public Spending in Education,2023,True,high,"The paper's primary research question is estimating the causal effect of a randomized public-school grant program (a specific government policy) on educational outcomes in financial/market terms, with rigorous empirical methodology."
w30943,The Economics of Digital Privacy,2023,False,high,"This is a theoretical and review paper that discusses privacy regulations and their conceptual effects without empirically testing the causal effect of a specific government policy on financial markets, firms, or investors."
w30970,Lottery-Based Evaluations of Early Education Programs: Opportunities and Challenges for Building the Next Generation of Evidence,2023,False,high,"This is a methodological paper about research design for evaluating early education programs, not a paper estimating the causal effect of a specific government law, regulation, or policy on financial markets, firms, or investors."
w30998,Restrict the Middleman? Quantitative Models of PBM Regulations and Their Consequences,2023,False,high,The paper is purely theoretical (quantitative models) without empirical testing of actual policy effects on financial outcomes.
w31057,Dynamic Banking with Non-Maturing Deposits,2023,False,high,This is a purely theoretical paper modeling bank dynamics and deposit behavior without empirical testing of a specific government policy's causal effect on financial outcomes.
w31091,The Health Wedge and Labor Market Inequality,2023,False,high,"This is a purely theoretical paper using a calibrated labor market model to explore counterfactual scenarios; it does not empirically estimate the causal effect of an actual existing government policy on financial markets, firms, or investors."
w31092,Banking Crises in Historical Perspective,2023,False,high,"This is a survey paper that describes historical banking crises and mentions government interventions only as one of three themes, without a primary research question focused on estimating the causal effect of a specific policy."
w31113,Post COVID-19 Test Score Recovery: Initial Evidence from State Testing Data,2023,False,high,"This paper describes and measures test score recovery patterns rather than estimating the causal effect of a specific government policy or intervention on financial markets, firms, or investors."
w31132,Understanding the Impacts of a Natural Disaster: Evidence from the 2004 Indian Ocean Tsunami,2023,False,high,"This paper studies the impacts of a natural disaster on population well-being, not the causal effect of a government law, regulation, or public policy on financial markets, firms, or investors."
w31149,"An Anatomy of Monopsony: Search Frictions, Amenities and Bargaining in Concentrated Markets",2023,False,high,"This paper studies labor market monopsony power through search frictions and worker preferences, not the causal effect of a specific government law, regulation, or public policy on financial markets, firms, or investors."
w31246,Central Bank Credibility and Fiscal Responsibility,2023,False,high,This is a purely theoretical paper analyzing a New Keynesian model without empirical testing of any specific government policy's causal effect on financial markets or firms.
w31301,Cryptic Regulation of Crypto-Tokens,2023,False,high,This paper primarily describes and analyzes existing securities regulations' alignment with crypto-tokens rather than estimating the causal effect of a specific government policy intervention on financial outcomes.
w31303,Information Acquisition and Rating Agencies,2023,False,high,This is a theoretical paper analyzing credit rating market structures without empirically testing the causal effect of a specific government policy or regulation.
w31304,Money Matters: Broad Divisia Money and the Recovery of Nominal GDP from the COVID-19 Recession,2023,False,high,"This paper studies the relationship between monetary aggregates and nominal GDP growth rather than estimating the causal effect of a specific government law, regulation, or policy on financial markets or firms."
w31330,The Demand for Mobility: Evidence from an Experiment with Uber Riders,2023,False,high,"The paper's primary research question concerns demand elasticities for ride-hailing services in response to price changes, not the causal effect of a specific government law, regulation, or public policy on financial markets, firms, or investors."
w31355,"Global Liquidity: Drivers, Volatility and Toolkits",2023,False,high,"This is a survey/review paper on global liquidity drivers and mechanisms that describes regulatory effects descriptively without estimating the causal effect of any specific government law, regulation, or policy on financial markets."
w31368,Chat Over Coffee? Diffusion of Agronomic Practices and Market Spillovers in Rwanda,2023,False,high,"The paper evaluates an agricultural extension training program, not a specific government law, regulation, or public policy; it studies farmer behavior and social networks rather than the causal effect of a government intervention on financial markets, firms, or investors."
w31429,The Intergenerational Transmission of Poverty and Public Assistance: Evidence from the Earned Income Tax Credit,2023,False,high,"The primary research question concerns intergenerational effects of the EITC on poverty and public assistance use, which is a household/labor economics question rather than the causal effect of a policy on financial markets, firms, or investors."
w31484,Aggregate Lending and Modern Financial Intermediation: Why Bank Balance Sheet Models are Miscalibrated,2023,False,high,"This is a theoretical macroeconomic modeling paper that describes financial intermediation mechanisms without empirically testing the causal effect of a specific government law, regulation, or policy."
w31515,"Working from Home, Worker Sorting and Development",2023,False,high,"This paper studies the causal effect of work location (home vs. office) on worker productivity through an RCT, but does not examine the causal effect of any specific government law, regulation, or public policy on financial markets, firms, or investors."
w31519,"Currency Areas, Labor Markets, and Regional Cyclical Sensitivity",2023,False,high,"This paper examines regional labor market adjustment and cyclical sensitivity within currency unions without testing the causal effect of a specific government law, regulation, or public policy on financial markets, firms, or investors."
w31547,Selling Subscriptions,2023,False,high,"The paper's primary research question concerns consumer inattention and subscription behavior in private markets, with regulatory remedies only explored as a final counterfactual exercise rather than as the main causal effect of interest."
w31570,The Search for Good Jobs: Evidence from a Six-year Field Experiment in Uganda,2023,False,high,"The paper's primary research question concerns the causal effects of labor market interventions (vocational training and job matching) on individual job search behavior and employment outcomes, not on financial markets, firms' financial decisions, or investor behavior."
w31593,Seasonal Allergies and Accidents,2023,False,high,"The paper studies the causal effect of pollen exposure on accidents and behavior, not the causal effect of a specific government law, regulation, or policy on financial markets, firms, or investors."
w31624,"Sex, Power, and Adolescence: Intimate Partner Violence and Sexual Behaviors",2023,False,high,"This paper evaluates a health intervention program, not the causal effect of a government law, regulation, or public policy on financial markets, firms, or investors."
w31644,Keep Calm and Bank On: Panic-Driven Bank Runs and the Role of Public Communication,2023,False,high,"The paper's primary research question concerns household behavior and beliefs about bank stability using information treatments, not the causal effect of a specific government law, regulation, or policy on financial markets."
w31646,Regulatory Arbitrage or Random Errors? Implications of Race Prediction Algorithms in Fair Lending Analysis,2023,False,high,"The paper's primary focus is documenting measurement error in a race prediction algorithm used by regulators, not estimating the causal effect of a specific government law, regulation, or policy on financial outcomes."
w31707,Utility and Happiness,2023,False,high,This is a purely theoretical paper about the relationship between happiness and utility with no empirical test of any government policy's causal effect.
w31751,Estimating Impact with Surveys versus Digital Traces: Evidence from Randomized Cash Transfers in Togo,2023,False,high,"The primary research question concerns methodological comparison between survey and digital data for impact estimation, not the causal effect of the cash transfer policy itself on financial outcomes."
w31843,Life and Death at the Margins of Society: The Mortality of the U.S. Homeless Population,2023,False,high,"This paper studies health disparities and mortality patterns among homeless populations without examining the causal effect of any specific government law, regulation, or public policy on financial markets, firms, or investors."
w31862,Are Swedish House Prices Too High? Why the Price-to-Income Ratio Is a Misleading Indicator,2023,False,high,This paper primarily analyzes housing valuation indicators and methodology rather than estimating the causal effect of a specific government policy on financial markets or firms.
w31909,Contingent Credit Under Stress,2023,False,high,This is a review paper examining banks' provision of credit lines and corporate borrowing behavior; it does not have a primary research question testing the causal effect of a specific government policy on financial outcomes.
w31965,Dynamic Monopsony with Granular Firms,2023,True,high,"The paper's primary research question is the causal effect of a specific government policy (a US ban on noncompete agreements) on worker wages and labor market outcomes, estimated both theoretically and quantitatively."
w31991,How Rules and Compliance Impact Organizational Outcomes: Evidence from Delegation in Environmental Regulation,2023,True,high,The paper's primary research question examines the causal effect of a specific government regulatory reform (delegation of decision rights in environmental permitting) on organizational outcomes and firm approval rates.
w32044,The Puzzling Behavior of Spreads during Covid,2024,False,high,"This paper is primarily theoretical/descriptive, modeling sovereign spread behavior during Covid rather than empirically testing the causal effect of a specific government policy on financial markets."
w32049,The Economics of Information in a World of Disinformation: A Survey Part 1: Indirect Communication,2024,False,high,"This is a theoretical survey paper that discusses information economics and mentions government policies (fraud laws, disclosure requirements) only as illustrative examples within broader economic theory, rather than empirically testing the causal effect of a specific government policy."
w32092,Convenience Yields and Exchange Rate Puzzles,2024,False,high,"This is a theoretical paper developing a model of exchange rate determination; while it mentions the Fed's QE as a potential application, the primary research question concerns the causal mechanism of convenience yields on exchange rates, not the empirical effect of a specific government policy."
w32103,Effects of Childhood Cognitive and Behavioral Disabilities on Adult Economic Outcomes,2024,False,high,"This paper studies the causal effects of childhood disabilities on adult economic outcomes, not the causal effect of a specific government law, regulation, or public policy on financial markets, firms, or investors."
w32152,Smooth Diagnostic Expectations,2024,False,high,"This is a purely theoretical paper developing a behavioral expectations model with no empirical test of any specific government law, regulation, or public policy."
w32176,The Secular Decline of Bank Balance Sheet Lending,2024,False,high,"The paper's primary research question is explaining the secular decline in bank balance sheet lending through multiple factors (borrower demand, saver demand, technology, regulation), not estimating the causal effect of a specific government policy on financial outcomes."
w32193,Appropriate Entrepreneurship? The Rise of China and the Developing World,2024,False,high,"The paper's primary focus is on how China's rise as an innovation hub affected entrepreneurship in other emerging markets through market dynamics and spillovers, not on estimating the causal effect of a specific government policy on financial markets or firms."
w32215,Product Liability Litigation and Innovation: Evidence from Medical Devices,2024,True,high,"The paper's primary research question examines the causal effect of changes in government regulatory environment (public information availability and federal law precedence) on firm innovation, meeting the core criterion for in-scope research on government intervention effects."
w32232,"Air Pollution, Wildfire Smoke, and Worker Health",2024,False,high,"The paper studies the causal effect of pollution (wildfire smoke) on worker health and injuries, not the causal effect of a specific government law, regulation, or public policy."
w32254,"Regulation of Access, Pricing, and Planning of High Voltage Transmission in the U.S.",2024,False,high,"This paper primarily describes the structure and history of transmission regulation without empirically testing the causal effects of specific policies on financial markets, firms, or investors."
w32293,"Book Value Risk Management of Banks: Limited Hedging, HTM Accounting, and Rising Interest Rates",2024,True,high,The paper's primary research question examines the causal effect of specific government regulations (capital regulation and HTM accounting rules) on bank risk management behavior and financial outcomes.
w32303,The Performance of Emerging Markets During the Fed’s Easing and Tightening Cycles: A Cross-Country Resilience Analysis,2024,False,high,"The paper studies the effects of Fed monetary cycles (central bank communication/policy) on emerging market performance without examining a specific government law, regulation, or public policy instrument with a causal identification strategy, focusing instead on descriptive cross-country resilience patterns."
w32316,Where Do Banks End and NBFIs Begin?,2024,False,high,"This paper primarily describes the relationship between banks and NBFIs and discusses potential regulatory responses, but does not estimate the causal effect of a specific government law, regulation, or public policy on financial markets, firms, or investors."
w32321,Quantitative Tightening Around the Globe: What Have We Learned?,2024,False,high,"This paper studies the effects of central bank balance sheet operations (quantitative tightening) on financial markets, but central bank monetary policy decisions are not government laws, regulations, or public policies in the sense defined by the scope criteria."
w32332,To Pay or Autopay? Fintech Innovation and Credit Card Payments,2024,False,high,"The paper's primary focus is on fintech company practices and consumer behavior (autopay enrollment and payment decisions) rather than the causal effect of a specific government law, regulation, or public policy."
w32341,"Bank Runs, Fragility, and Regulation",2024,False,high,This is a purely theoretical paper that constructs a general equilibrium model to justify banking regulation without empirically testing the causal effect of any specific implemented government policy.
w32411,How Do U.S. Firms Withstand Foreign Industrial Policies?,2024,False,high,"The paper's primary research question concerns how U.S. firms respond to and are affected by foreign (Chinese) government policies, not the causal effect of U.S. government intervention on financial markets or firms."
w32420,"U.S. Worker Mobility Across Establishments within Firms: Scope, Prevalence, and Effects on Worker Earnings",2024,False,high,"This paper studies worker mobility and earnings effects within firms as its primary research question, with no specific government law, regulation, or public policy as the causal variable of interest."
w32478,Fiscal Consequences of Central Bank Losses,2024,False,high,"This paper analyzes fiscal consequences and accounting treatment of central bank asset purchases rather than estimating the causal effect of these policies on financial markets, firms, or investors."
w32485,Algorithmic Bias and Historical Injustice: Race and Digital Profiling,2024,False,high,The paper studies algorithmic bias and digital profiling on Facebook without a specific government law or regulation as the primary causal variable; it is a descriptive/theoretical analysis of private firm behavior with policy as only incidental context.
w32540,Algorithmic Pricing: Implications for Marketing Strategy and Regulation,2024,False,high,This is a purely theoretical/conceptual paper discussing algorithmic pricing strategies and regulatory frameworks without empirically testing the causal effect of any specific government policy on financial markets or firms.
w32563,Fighting Abuse with Prescription Tracking: Mandatory Drug Monitoring and Intimate Partner Violence,2024,False,high,"While the paper studies a government policy (prescription drug monitoring programs), its primary research question concerns the causal effect on intimate partner violence and women's wellbeing rather than financial markets, firms, or investors."
w32573,Printing Away the Mortgages: Fiscal Inflation and the Post-Covid Boom,2024,False,high,This is primarily a theoretical paper with quantitative modeling that analyzes mechanisms of fiscal and monetary stimulus rather than empirically estimating the causal effect of a specific government policy intervention.
w32590,The Power of Inclusive Labor Force Participation for Mitigating Population Aging: Closing Gaps at the Intersection Between Race/Ethnicity and Gender in the United States,2024,False,high,"This is a purely theoretical microsimulation paper that models hypothetical policy scenarios without empirically testing the causal effect of any specific enacted government law, regulation, or policy on financial markets, firms, or investors."
w32605,Voting on Public Goods: Citizens vs Shareholders,2024,False,high,"This is a purely theoretical paper analyzing the interplay between political and corporate governance systems without empirically testing the causal effect of a specific government law, regulation, or public policy."
w32612,One Cohort at a Time: A New Perspective on the Declining Gender Pay Gap,2024,False,high,"This paper's primary focus is explaining gender pay gap trends through labor market dynamics and cohort effects, with no specific government law, regulation, or public policy as the causal variable of interest."
w32625,How Are Insurance Markets Adapting to Climate Change? Risk Classification and Pricing in the Market for Homeowners Insurance,2024,False,high,"The paper's primary focus is on private insurers' risk classification and pricing strategies in response to climate change, with regulation mentioned only as a contextual factor, not as the causal variable of interest."
w32654,Just What the Doctor Ordered? The Benefits and Costs of E-Cigarette Regulation in Australia,2024,False,high,"This paper uses a hypothetical discrete choice experiment rather than empirical data on actual market outcomes to estimate effects of Australia's e-cigarette prescription policy, making it a theoretical/methodological contribution rather than an empirical test of causal policy effects."
w32695,An Engine of (Pay) Growth? Productivity and Wages in the UK Auto Industry,2024,False,high,"The paper's primary research question concerns the relationship between productivity shocks and wage growth in the auto industry, not the causal effect of a specific government law or regulation on financial markets, firms, or investors."
w32700,Moral Hazard and Unemployment in Competitive Equilibrium,2024,False,high,"This is a purely theoretical paper constructing a general equilibrium model with no empirical test of any specific government law, regulation, or public policy's causal effect."
w32705,Is Model Accuracy Enough? A Field Evaluation Of A Machine Learning Model To Catch Bogus Firms,2024,False,high,"The primary research question concerns the effectiveness of a machine learning tool for fraud detection, not the causal effect of a specific government law, regulation, or policy on financial markets, firms, or investors."
w32735,"Family Planning, Now and Later: Infertility Fears and Contraceptive Take-Up",2024,False,high,"This paper studies individual health behavior (contraceptive adoption) in response to information interventions, not the causal effect of a specific government law, regulation, or public policy on financial markets, firms, or investors."
w32757,Quantitative Tightening with Slow-Moving Capital,2024,False,high,This is primarily a theoretical paper developing a general equilibrium model to understand central bank communication (quantitative tightening) without empirically testing the causal effect of a specific government policy instrument on financial markets.
w32765,Estimating the Value of Offsite Tracking Data to Advertisers: Evidence from Meta,2024,False,high,"The paper studies the private market behavior of advertisers on Meta's platforms and the value of tracking data to them, not the causal effect of a specific government law, regulation, or public policy on financial markets, firms, or investors."
w32770,"Bank Payout Policy, Regulation, and Politics",2024,True,high,"The paper's primary research question examines the causal effect of bank regulation and regulatory policy on financial firm payout decisions, with empirical analysis of how regulatory uncertainty and regulatory climate changes affect bank repurchases and dividends."
w32826,Personal Bankruptcy Law and Innovation around the World,2024,True,high,"The paper's primary research question is the causal effect of personal bankruptcy law reforms (a specific government policy) on firm innovation and investment efficiency, using difference-in-differences methodology across 33 countries."
w32846,The Consumer Welfare Effects of Online Ads: Evidence from a 9-Year Experiment,2024,False,high,"The paper studies the causal effect of online advertising (a private firm practice) on consumer welfare through a Facebook experiment, not the causal effect of a government law, regulation, or public policy."
w32904,"Trade, Innovation and Firm Financing",2024,False,high,"The paper studies the relationship between trade, innovation, and firm financing without examining the causal effect of a specific government law, regulation, or public policy."
w32907,Failing Banks,2024,False,high,"This paper studies the causes and predictors of bank failures through historical analysis, not the causal effect of a specific government policy or regulation on financial outcomes."
w32913,Effective Regulation and Firm Compliance: The Case of German Privacy Policies,2024,False,high,"The paper's primary focus is on firm compliance behavior and privacy policy readability rather than the causal effect of GDPR on financial markets, firms' financial performance, or investor outcomes."
w32920,Judges Judging Judges: Polarization in the U.S. Courts of Appeals,2024,False,high,"This paper studies judicial decision-making behavior and political polarization in courts rather than the causal effect of a specific government law, regulation, or public policy on financial markets, firms, or investors."
w33085,Distance to Opportunity: Higher Education Deserts and College Enrollment Choices,2024,False,high,"The paper studies how geographic access to existing public institutions affects student enrollment choices, not the causal effect of a specific government law, regulation, or policy intervention on financial markets, firms, or investors."
w33097,Everyone Steps Back? The Widespread Retraction of Crowd-Funding Support for Minority Creators when Migration Fear is High,2024,False,high,"This paper studies private crowd-funding platform behavior and backer preferences in response to political rhetoric, not the causal effect of a specific government law, regulation, or public policy on financial markets or firms."
w33125,Spatial Economics,2024,False,high,"This is a broad review paper on spatial economics that discusses public policy interventions only as one of many topics, rather than having a primary research question about the causal effect of a specific government policy on financial markets, firms, or investors."
w33129,"Macro-Level Institutions and Micro-Level Economic Behavior: A Meta-Meta Analysis of 1,126 Studies",2024,False,high,"This is a meta-meta analysis examining correlations between aggregate institutional measures and laboratory experimental behavior, not a study of causal effects of specific government policies on financial markets, firms, or investors."
w33188,Why Has Construction Productivity Stagnated? The Role of Land-Use Regulation,2024,False,high,"The paper's primary focus is on construction sector productivity and firm behavior in response to land-use regulation, not on causal effects of government policy on financial markets, firms' financial performance, or investors."
w33209,"Household Responses to Guaranteed Income: Experimental Evidence from Compton, California",2024,False,high,"The paper studies a specific pilot program's effects on household behavior rather than a government law or regulation's causal effect on financial markets, firms, or investors."
w33210,Unresolved Conflict in Workers' Compensation: The Impact of Legal Representation on Workers' Compensation Benefits,2024,False,high,"The paper studies the causal effect of private attorney involvement on worker benefits, not the effect of a government law, regulation, or specific public policy intervention."
w33243,Granular Treasury Demand with Arbitrageurs,2024,True,high,"The paper's primary research question concerns the causal effects of specific government monetary policy instruments (Fed tightening and QE) on Treasury market outcomes, quantified through a structural model of policy impacts on term premia and market elasticity."
w33283,Firm Financing During Sudden Stops: Can Governments Substitute Markets?,2024,True,high,"The paper's primary research question examines the causal effect of government-backed credit guarantees and credit line policies on firm financing outcomes during a sudden stop, using a regression discontinuity design to identify the policy impact."
w33296,Instrumental Variables with Time-Varying Exposure: New Estimates of Revascularization Effects on Quality of Life,2024,False,high,"This paper studies the causal effect of a medical treatment (revascularization) on patient health outcomes, not the causal effect of a government law, regulation, or public policy on financial markets, firms, or investors."
